week_ending,actual,predicted,coverage,year,abs_error,pct_error
2014-01-07,6.955549304196564,7.335390928600704,1.0,2014,0.3798416244041398,5.460986728610578
2014-01-14,7.502734637465447,8.755065467673832,1.0,2014,1.2523308302083853,16.691658318218813
2014-01-21,6.487475875379101,9.15246685038244,1.0,2014,2.66499097500334,41.07901171728995
2014-01-28,6.060747903430749,7.889327338900559,0.997,2014,1.82857943546981,30.170854564578136
2014-02-04,5.98819414820421,7.804472961509818,1.0,2014,1.8162788133056083,30.33099409193821
2014-02-11,6.38614444231873,7.236397394749419,1.0,2014,0.8502529524306892,13.314026328567866
2014-02-18,6.467911290591452,8.811400997543162,0.998,2014,2.3434897069517096,36.23255795670338
2014-02-25,6.44170674380763,6.588110605046952,0.996,2014,0.14640386123932192,2.2727495532152093
2014-03-04,6.574071203086636,3.6364735060228686,0.998,2014,2.937597697063768,44.68460420210412
2014-03-11,6.8953333945628215,7.9375017847622775,0.999,2014,1.042168390199456,15.114111683435603
2014-03-18,7.372148788189111,5.956739041477592,0.928,2014,1.4154097467115188,19.199419156856152
2014-03-25,6.768693254554406,5.516491655347183,0.957,2014,1.2522015992072228,18.499901710934562
2014-04-01,6.648540179751519,5.131210554274107,0.941,2014,1.5173296254774122,22.821996776051982
2014-04-08,7.212838548429531,8.172670005178249,0.99,2014,0.9598314567487183,13.307263850480954
2014-04-15,9.734757449882606,7.393308284390288,0.92,2014,2.3414491654923175,24.052465380332137
2014-04-22,9.787536116783905,10.79113171982988,0.944,2014,1.0035956030459747,10.253812512885492
2014-04-29,10.25577186684073,11.010196547010311,1.0,2014,0.7544246801695813,7.356098497167335
2014-05-06,9.075270683975974,11.223487466835538,0.991,2014,2.1482167828595635,23.671104231112658
2014-05-13,9.684870733478578,7.270079088363959,0.994,2014,2.4147916451146187,24.933648693597817
2014-05-20,15.18967430943513,11.058950476262114,0.994,2014,4.1307238331730165,27.194288363425933
2014-05-27,16.47207116717278,16.952643685383464,0.999,2014,0.4805725182106855,2.917499040244674
2014-06-03,17.171608335061165,15.18558366503254,0.999,2014,1.986024670028625,11.56574638366017
2014-06-10,15.952558959887115,15.84529444085132,0.996,2014,0.10726451903579459,0.6723969446250749
2014-06-17,14.844868123320609,14.750496330100193,1.0,2014,0.09437179322041622,0.635719983744163
2014-06-24,19.31634945348246,13.972144951585564,1.0,2014,5.344204501896895,27.666741662376648
2014-07-01,20.76002116402116,19.24304314739021,1.0,2014,1.5169780166309508,7.307208430307381
2014-07-08,18.794686886051075,18.406891809447302,1.0,2014,0.38779507660377277,2.0633228898938674
2014-07-15,15.547305456949957,16.043855302460486,1.0,2014,0.49654984551052905,3.193800024611733
2014-07-22,11.957523528585476,13.199160498367918,1.0,2014,1.2416369697824425,10.383730099415684
2014-07-29,11.88529702970297,10.485866777630692,1.0,2014,1.3994302520722783,11.77446595213323
2014-08-05,12.347732558139532,11.676131567690563,1.0,2014,0.6716009904489688,5.439063304025439
2014-08-12,13.108962156983509,12.208600554833653,1.0,2014,0.9003616021498555,6.86829049750676
2014-08-19,14.330123205236486,12.942534781522399,0.998,2014,1.387588423714087,9.683018099991191
2014-08-26,16.061914466506654,13.809447549333642,1.0,2014,2.2524669171730114,14.023651550816071
2014-09-02,17.445582932692307,15.59802169942384,1.0,2014,1.8475612332684666,10.590424180129931
2014-09-09,17.490315980861247,15.550269799011575,0.998,2014,1.940046181849672,11.09211625434649
2014-09-16,16.0203984446801,15.416905722618312,1.0,2014,0.6034927220617892,3.7670269197467507
2014-09-23,15.28952326296372,14.513702484408613,1.0,2014,0.7758207785551061,5.074198620923653
2014-09-30,15.146764171354397,13.207600223586157,1.0,2014,1.9391639477682396,12.80249646611381
2014-10-07,15.04453362300848,14.615025263545478,1.0,2014,0.4295083594630018,2.854913088207199
2014-10-14,15.114402358552203,11.749440408648754,1.0,2014,3.3649619499034493,22.26328153821741
2014-10-21,13.053940249759847,12.655097809862243,0.792,2014,0.3988424398976047,3.055341393223722
2014-10-28,18.26082800903517,12.898182423377479,1.0,2014,5.36264558565769,29.366935513572205
2014-11-04,26.790548183041725,18.411482962944092,1.0,2014,8.379065220097633,31.27619921342833
2014-11-11,31.844903450539334,27.00437911618701,1.0,2014,4.840524334352324,15.200310912766618
2014-11-18,21.618505583365422,25.853853232136203,1.0,2014,4.23534764877078,19.591306311337778
2014-11-25,12.308333333333332,11.484139034351871,0.975,2014,0.8241942989814603,6.696229917249509
2014-12-02,10.812445537131769,7.10055649959884,0.994,2014,3.711889037532929,34.3297825157655
2014-12-09,8.974834597169009,10.243957839884105,1.0,2014,1.2691232427150965,14.140909550750097
2014-12-16,7.950980392156863,6.251192668075136,1.0,2014,1.6997877240817267,21.378341289313948
2014-12-23,7.10836973310619,7.093664000035291,1.0,2014,0.014705733070898397,0.2068791245116106
2014-12-30,8.609477124183007,8.887949952185183,1.0,2014,0.278472828002176,3.2344917581577466
2015-01-06,18.756624416048364,11.34636630248244,1.0,2015,7.410258113565924,39.50741854822038
2015-01-13,24.913538658424013,21.34354034161065,1.0,2015,3.5699983168133613,14.329551356632503
2015-01-20,22.353346100962483,23.2806712361968,1.0,2015,0.9273251352343159,4.148484665543596
2015-01-27,13.254648671955849,16.323286118564386,1.0,2015,3.0686374466085375,23.151405386558096
2015-02-03,14.028322993599213,8.170184372559067,1.0,2015,5.858138621040146,41.759365133758855
2015-02-10,10.814033194299618,14.711836355875096,1.0,2015,3.897803161575478,36.04393561164691
2015-02-17,6.949640506745641,7.509050473532302,1.0,2015,0.559409966786661,8.049480634914454
2015-02-24,6.71042558988611,4.377015574920296,1.0,2015,2.3334100149658132,34.77290648275285
2015-03-03,6.952137227630969,7.786661310865458,1.0,2015,0.8345240832344896,12.003849405010444
2015-03-10,9.583658365758756,7.687458338906811,0.997,2015,1.896200026851945,19.78576400038253
2015-03-17,11.7765109148411,9.490159023907626,1.0,2015,2.2863518909334744,19.41451001461008
2015-03-24,10.683319139784947,8.499848781746483,0.997,2015,2.1834703580384645,20.438127228710844
2015-03-31,7.476918394208623,7.878731716184763,0.956,2015,0.4018133219761406,5.3740498530433625
2015-04-07,8.0634471662172,6.2480923467426415,0.995,2015,1.8153548194745586,22.513383941798615
2015-04-14,10.87345124369142,8.939386096317708,0.953,2015,1.9340651473737118,17.787040232472844
2015-04-21,10.966497307485191,12.059360748026524,0.998,2015,1.0928634405413327,9.965474024193648
2015-04-28,15.302404752008869,12.477875643902355,0.998,2015,2.824529108106514,18.45807344584658
2015-05-05,18.88212699958983,15.797731850364375,0.997,2015,3.084395149225454,16.33499843154564
2015-05-12,12.830146036161334,18.306965740808128,0.995,2015,5.476819704646793,42.68711898688106
2015-05-19,10.983398068669528,9.871869414957718,0.996,2015,1.1115286537118099,10.120079840158745
2015-05-26,9.758765236755744,11.364781441173836,0.995,2015,1.6060162044180917,16.45716610098517
2015-06-02,11.812013240857503,10.178555557840571,0.997,2015,1.6334576830169318,13.828783033927158
2015-06-09,14.20233641643364,12.917437328624704,1.0,2015,1.2848990878089364,9.047096549002804
2015-06-16,16.57551318944844,15.132179715933251,0.995,2015,1.4433334735151888,8.707624657039151
2015-06-23,15.92352633969119,15.686944520055551,1.0,2015,0.23658181963563862,1.4857376098027464
2015-06-30,14.695096608701444,14.429292138089313,0.999,2015,0.26580447061213164,1.8087970272664975
2015-07-07,13.985782845095429,13.833301877373902,0.999,2015,0.15248096772152664,1.0902569374226991
2015-07-14,10.036890401462156,12.934945967126215,1.0,2015,2.898055565664059,28.874038170645715
2015-07-21,7.235379725421304,7.972661397762597,1.0,2015,0.7372816723412923,10.189951326961786
2015-07-28,7.033020932144438,7.1383613793176615,1.0,2015,0.10534044717322377,1.4977980044359747
2015-08-04,7.546321400159109,8.01095915131079,1.0,2015,0.46463775115168016,6.15714235470919
2015-08-11,15.890378992497322,8.92273660675382,1.0,2015,6.967642385743503,43.84818253254558
2015-08-18,20.25125086028906,18.582491591458297,1.0,2015,1.6687592688307618,8.240277503564254
2015-08-25,20.183887147335422,18.495351035435636,1.0,2015,1.6885361118997864,8.36576274715596
2015-09-01,20.053671645533345,17.207101128151624,1.0,2015,2.8465705173817213,14.194759781138394
2015-09-08,19.657430298544288,18.161350075315045,1.0,2015,1.4960802232292423,7.610761938400631
2015-09-15,24.669369720220104,18.085564157785132,1.0,2015,6.583805562434971,26.688179054037985
2015-09-22,30.311229437229436,23.622850994191328,1.0,2015,6.688378443038108,22.06567851986624
2015-09-29,23.78269036299147,28.199354479046622,1.0,2015,4.416664116055152,18.570918801213406
2015-10-06,17.294691516709506,17.99633964807997,1.0,2015,0.7016481313704652,4.057014435282399
2015-10-13,12.334546737766626,13.994149371090447,1.0,2015,1.6596026333238214,13.45491381732216
2015-10-20,15.11609414024976,9.525490891470401,0.839,2015,5.5906032487793595,36.98444318293315
2015-10-27,22.35646913681724,15.889140966218395,1.0,2015,6.467328170598844,28.928218186065312
2015-11-03,24.016655086147765,24.970165647974472,1.0,2015,0.9535105618267075,3.970205502833197
2015-11-10,26.60512322080632,21.686958789537062,1.0,2015,4.918164431269258,18.485779563776074
2015-11-17,29.402802543220456,23.10111233263037,0.982,2015,6.301690210590088,21.43227742092598
2015-11-24,34.12,25.908612190603936,0.966,2015,8.211387809396061,24.06620108263793
2015-12-01,34.329166666666666,28.982586248494574,0.987,2015,5.346580418172092,15.57445442846586
2015-12-08,29.866145221971408,28.372359205815588,0.988,2015,1.4937860161558199,5.001603002508999
2015-12-15,24.10766355576295,21.772467660636284,0.998,2015,2.3351958951266667,9.686529305194476
2015-12-22,23.72280589413448,18.06658408761304,0.999,2015,5.65622180652144,23.84297132372505
2015-12-29,21.536889650647115,23.123587663566585,1.0,2015,1.58669801291947,7.367349875759775
2016-01-05,25.091944974554707,21.456484367583013,1.0,2016,3.6354606069716944,14.488556429795896
2016-01-12,30.53914005725611,24.53060390342733,1.0,2016,6.0085361538287785,19.674870158634832
2016-01-19,23.89712592637345,30.64273996442429,1.0,2016,6.745614038050839,28.227721018979167
2016-01-26,13.526876230045922,18.748162575341237,1.0,2016,5.221286345295315,38.59935033409846
2016-02-02,8.756340094658553,8.462287824647571,1.0,2016,0.29405227001098133,3.358164105461777
2016-02-09,8.780809739524347,9.37715744015966,1.0,2016,0.5963477006353131,6.791488693246837
2016-02-16,14.66056163268196,11.742454173568458,1.0,2016,2.918107459113502,19.904472504029656
2016-02-23,11.173400376382029,16.491725199574116,1.0,2016,5.318324823192087,47.598086921093326
2016-03-01,7.659461088977425,8.81633775468222,1.0,2016,1.1568766657047949,15.103891151945827
2016-03-08,7.32388205950472,6.027009094527013,1.0,2016,1.2968729649777062,17.707452884152637
2016-03-15,7.313340893230984,6.420627218391498,0.995,2016,0.8927136748394853,12.206646563757955
2016-03-22,9.060657411135209,8.710755077647118,1.0,2016,0.34990233348809063,3.861776443043457
2016-03-29,7.781518779727735,8.6705885543503,1.0,2016,0.8890697746225644,11.425401644454707
2016-04-05,7.482008765170487,7.600593729990489,0.988,2016,0.11858496482000191,1.584934855623626
2016-04-12,7.812552463711514,8.844128523200563,1.0,2016,1.0315760594890495,13.204084891341363
2016-04-19,9.251662481550346,8.53828424626985,0.746,2016,0.713378235280496,7.710811291517758
2016-04-26,10.518380244502312,10.370249002347204,0.955,2016,0.14813124215510776,1.408308491533496
2016-05-03,18.43084807737674,12.172651311820655,1.0,2016,6.258196765556086,33.955012483868366
2016-05-10,20.940324117428464,21.40143397358295,1.0,2016,0.4611098561544864,2.202018715511229
2016-05-17,13.868667047793275,19.94753017057408,1.0,2016,6.078863122780804,43.831632137625284
2016-05-24,9.909354774774776,10.366501587643679,1.0,2016,0.4571468128689027,4.613285357716874
2016-05-31,11.397087351703023,9.01524982918286,1.0,2016,2.381837522520163,20.898651111630326
2016-06-07,14.973930631688855,13.500994016272184,1.0,2016,1.4729366154166712,9.836673159815113
2016-06-14,11.516831639963527,15.244629426225199,1.0,2016,3.7277977862616716,32.368258066100175
2016-06-21,9.621158796108634,10.145981876384806,1.0,2016,0.5248230802761711,5.454884296145705
2016-06-28,9.579016656751932,9.095740795868519,1.0,2016,0.48327586088341334,5.0451510650915115
2016-07-05,12.852385219553616,10.27799334901422,1.0,2016,2.5743918705393956,20.030459922899883
2016-07-12,16.953606969205836,15.307656084228167,1.0,2016,1.645950884977669,9.708558703568736
2016-07-19,10.274974751897258,17.08249708025326,1.0,2016,6.807522328356001,66.25342147044209
2016-07-26,9.324392657042065,7.7590442548077725,1.0,2016,1.5653484022342923,16.787671431362273
2016-08-02,10.19708425630436,8.85595186365455,1.0,2016,1.3411323926498095,13.152116418187413
2016-08-09,8.297489082086535,11.24277686718116,1.0,2016,2.9452877850946244,35.496133299569046
2016-08-16,8.114675931753027,8.955897724788112,1.0,2016,0.8412217930350856,10.366671449482704
2016-08-23,8.159811721991701,8.812872737657155,1.0,2016,0.6530610156654539,8.003383385738836
2016-08-30,9.021417049311236,8.766348048407647,1.0,2016,0.25506900090358897,2.8273717921406027
2016-09-06,9.127163335404584,9.725918477122345,1.0,2016,0.5987551417177617,6.5601449181386915
2016-09-13,8.952735544697113,9.494834981424528,1.0,2016,0.5420994367274155,6.055126212775401
2016-09-20,8.379271853388659,8.945328934346232,1.0,2016,0.5660570809575738,6.7554447553656445
2016-09-27,8.00714906007356,8.870890627598069,1.0,2016,0.8637415675245084,10.78712986412886
2016-10-04,8.035868465430019,7.201673725595494,1.0,2016,0.8341947398345244,10.380890919546488
2016-10-11,8.003226102301968,9.323787609402498,1.0,2016,1.32056150710053,16.50036485562612
2016-10-18,8.276906442347148,10.287135199565991,0.966,2016,2.0102287572188438,24.287199223781336
2016-10-25,8.18434307491882,9.213233138566775,1.0,2016,1.028890063647955,12.5714434772538
2016-11-01,9.71473032714412,9.621365511059675,0.972,2016,0.0933648160844438,0.9610644139402544
2016-11-08,9.562299657981956,11.457042453580495,1.0,2016,1.894742795598539,19.8147188790192
2016-11-15,8.215459272398443,9.162322466001026,1.0,2016,0.9468631936025833,11.525383575130958
2016-11-22,8.24272002193978,7.572776460442551,0.987,2016,0.6699435614972291,8.12770007611601
2016-11-29,8.25013371290545,7.569502465349071,0.983,2016,0.6806312475563789,8.249942015990442
2016-12-06,8.122640692640694,9.200300970101377,0.992,2016,1.0776602774606836,13.26736363504383
2016-12-13,8.264213209600733,8.43710180689234,1.0,2016,0.17288859729160677,2.0920152095151416
2016-12-20,7.893938871473353,8.85567247085893,1.0,2016,0.9617335993855773,12.183190357110986
2016-12-27,7.245653153153153,11.294513497170751,1.0,2016,4.048860344017598,55.87985318142948
2017-01-03,7.234500809498112,11.403949445318679,1.0,2017,4.169448635820567,57.632844969020326
2017-01-10,7.162905255366396,8.331209659452332,1.0,2017,1.1683044040859363,16.310482443009438
2017-01-17,7.21148239467082,8.624986907513522,1.0,2017,1.4135045128427022,19.600748299507206
2017-01-24,7.21801642646831,9.007270481008069,1.0,2017,1.789254054539759,24.788722397175533
2017-01-31,11.57060001560915,8.348199910939341,1.0,2017,3.222400104669809,27.849896291658833
2017-02-07,15.345567240451857,14.812565954237291,1.0,2017,0.5330012862145654,3.473324106322648
2017-02-14,18.47553043478261,16.340800395996574,1.0,2017,2.134730038786035,11.554364007688385
2017-02-21,15.235983227299018,17.347050745401745,1.0,2017,2.111067518102727,13.855801011386188
2017-02-28,9.296052706552706,14.66712913328348,1.0,2017,5.371076426730774,57.77803328228496
2017-03-07,8.138143507030605,8.129237651011271,1.0,2017,0.008905856019334024,0.10943350914910982
2017-03-14,13.721654148410876,9.656892035239627,1.0,2017,4.064762113171248,29.622974527761247
2017-03-21,17.076374695863745,15.224792117765338,0.993,2017,1.851582578098407,10.842948875717157
2017-03-28,17.26494980350125,15.182276522716867,0.987,2017,2.082673280784382,12.063013819837611
2017-04-04,23.56642268803946,17.250869338017985,1.0,2017,6.315553350021474,26.798947950750176
2017-04-11,39.88380298424978,26.357471682812537,0.815,2017,13.526331301437246,33.914346901118805
2017-04-18,45.47155494357872,42.76224634645174,0.947,2017,2.7093085971269772,5.958249284610342
2017-04-25,48.60302240702241,40.56124019736271,0.767,2017,8.0417822096597,16.545847997505984
2017-05-02,34.64336999679795,41.14097967926995,0.856,2017,6.497609682471996,18.75570905218679
2017-05-09,12.002624214734436,23.840888985806473,1.0,2017,11.838264771072037,98.63063742793321
2017-05-16,10.091641020449485,4.180977506237367,1.0,2017,5.910663514212118,58.56989465077955
2017-05-23,8.34479057591623,15.07085272861868,1.0,2017,6.7260621527024504,80.60192873041576
2017-05-30,8.313654820444047,10.747997369968358,1.0,2017,2.4343425495243114,29.281255983085053
2017-06-06,11.420251892252896,9.97221540559554,1.0,2017,1.4480364866573563,12.679549455819394
2017-06-13,11.706282481139985,12.859963353746677,1.0,2017,1.1536808726066923,9.855228373870098
2017-06-20,9.781152930031128,11.589482011770803,1.0,2017,1.808329081739675,18.487892937319817
2017-06-27,9.38748152059134,8.468937473280326,1.0,2017,0.9185440473110145,9.784776090330489
2017-07-04,9.418965432704091,10.013267554081095,1.0,2017,0.5943021213770034,6.3096326833677026
2017-07-11,11.999839271417134,11.291611662463259,1.0,2017,0.7082276089538748,5.9019757926327285
2017-07-18,12.936686982693752,12.047276060307622,1.0,2017,0.88941092238613,6.875105841054613
2017-07-25,11.466630550811272,13.302165787884837,1.0,2017,1.8355352370735645,16.00762516015395
2017-08-01,10.381347380804096,10.466959091590729,1.0,2017,0.08561171078663321,0.8246685872870009
2017-08-08,8.403956328843277,10.642926565440211,1.0,2017,2.238970236596934,26.64185948840011
2017-08-15,7.964747061384413,7.816481098060995,1.0,2017,0.1482659633234178,1.8615275812367926
2017-08-22,10.190417084696474,9.182291387698845,1.0,2017,1.008125696997629,9.892879639947108
2017-08-29,10.056362837413689,11.831268515424652,1.0,2017,1.7749056780109633,17.649578746379404
2017-09-05,8.37672464291446,10.65669228622564,1.0,2017,2.2799676433111795,27.217889336254043
2017-09-12,8.64676898100173,7.232004720015388,1.0,2017,1.4147642609863418,16.361767778170027
2017-09-19,7.870581576026637,8.457396216843,1.0,2017,0.586814640816363,7.4557977088220335
2017-09-26,10.522179092382496,10.408898944129183,1.0,2017,0.11328014825331323,1.0765844912801579
2017-10-03,22.85227168357317,12.625682212192393,1.0,2017,10.226589471380779,44.75086596634472
2017-10-10,28.55133759346201,25.636805953635047,1.0,2017,2.9145316398269614,10.208038871335969
2017-10-17,39.899155062413314,27.154897347615794,0.955,2017,12.74425771479752,31.941171924222395
2017-10-24,23.482418656056584,38.014062849560624,1.0,2017,14.53164419350404,61.88308115252872
2017-10-31,10.875097861001604,13.901666641851483,1.0,2017,3.0265687808498782,27.830267088475917
2017-11-07,9.05452822433047,6.03025045332218,1.0,2017,3.0242777710082898,33.400721672960685
2017-11-14,7.79310238514174,14.305891333302261,1.0,2017,6.512788948160521,83.57119701876043
2017-11-21,6.9945612798830785,11.174636985027012,0.991,2017,4.180075705143934,59.7617997452702
2017-11-28,6.995150400888456,8.530590719293931,1.0,2017,1.5354403184054748,21.950068696313636
2017-12-05,7.119459459459459,6.4362001606806185,0.984,2017,0.6832592987788404,9.59706706203671
2017-12-12,8.094569664902997,7.7816177270294755,0.994,2017,0.31295193787352105,3.8661961145438037
2017-12-19,8.691870593387346,10.848365194614564,0.994,2017,2.1564946012272177,24.810477538262575
2017-12-26,7.687954617330805,10.227337198378931,0.998,2017,2.5393825810481268,33.03066559893117
2018-01-02,7.840531914893617,11.098006233492377,1.0,2018,3.25747431859876,41.546598546598204
2018-01-09,8.328140781492454,8.534908208721369,1.0,2018,0.2067674272289146,2.4827561475475037
2018-01-16,8.042779493319888,9.17647804041016,1.0,2018,1.1336985470902725,14.095855145996374
2018-01-23,7.2840445269016705,10.91304932192498,1.0,2018,3.6290047950233095,49.82128790702131
2018-01-30,6.954090789126418,9.448206707413462,1.0,2018,2.4941159182870436,35.86544947309147
2018-02-06,6.822915482954545,9.216697572397123,1.0,2018,2.3937820894425785,35.08444587101924
2018-02-13,6.809590616637249,7.72242391445446,1.0,2018,0.9128332978172109,13.40511271833242
2018-02-20,6.9954820995578375,9.102973764433116,1.0,2018,2.107491664875279,30.126467838556643
2018-02-27,10.391631778536215,10.075128052004274,1.0,2018,0.31650372653194125,3.045755789631381
2018-03-06,15.525273429688207,14.444060591332708,1.0,2018,1.0812128383554995,6.964211247242513
2018-03-13,18.297678033110948,18.7525173323373,1.0,2018,0.45483929922635014,2.485776055318528
2018-03-20,16.470968609168608,14.073488478807214,0.956,2018,2.3974801303613944,14.555793209555572
2018-03-27,11.262803362914523,13.004912745208976,0.982,2018,1.7421093822944531,15.46781317367899
2018-04-03,7.9854198879551825,10.341530443843304,1.0,2018,2.3561105558881215,29.50515550775187
2018-04-10,8.700849331320104,5.903829092310616,0.986,2018,2.7970202390094876,32.14651963850431
2018-04-17,9.65901445239061,10.41975366422104,1.0,2018,0.7607392118304315,7.875950652937974
2018-04-24,11.51821378660834,11.369258656579731,1.0,2018,0.14895513002860916,1.2932137984953183
2018-05-01,15.338455243483528,13.436093407712654,0.935,2018,1.9023618357708738,12.402564701416614
2018-05-08,18.741114139251184,16.421835162825936,1.0,2018,2.319278976425249,12.375352709515685
2018-05-15,17.717242113412038,17.9950331945387,1.0,2018,0.2777910811266615,1.56791378335555
2018-05-22,10.438703069622155,14.398216701524369,1.0,2018,3.9595136319022135,37.93108785156329
2018-05-29,7.483417721518986,6.775213102393458,1.0,2018,0.708204619125528,9.463652110305777
2018-06-05,7.502177745134043,7.709584884640883,1.0,2018,0.20740713950683975,2.7646257733811392
2018-06-12,8.655886488535153,7.735185586086338,1.0,2018,0.9207009024488144,10.63670259156351
2018-06-19,16.73691235660439,9.563504560066441,1.0,2018,7.173407796537948,42.85980378995842
2018-06-26,15.439283460559798,18.79337167740131,1.0,2018,3.3540882168415127,21.724377464858723
2018-07-03,10.992711510885153,12.578556716059865,1.0,2018,1.5858452051747118,14.426333335541312
2018-07-10,9.29105023314964,8.943803172788797,1.0,2018,0.34724706036084285,3.7374360448713992
2018-07-17,9.143697068403908,9.009273308079969,1.0,2018,0.13442376032393888,1.4701248227966877
2018-07-24,9.457336963568002,9.455472112473402,1.0,2018,0.0018648510946004393,0.019718564557700612
2018-07-31,8.294047319527772,10.008820787357152,1.0,2018,1.7147734678293798,20.674749031055825
2018-08-07,8.272362238359676,8.693299647691035,1.0,2018,0.4209374093313585,5.088478927813805
2018-08-14,14.46289659773182,9.70050738642724,1.0,2018,4.76238921130458,32.92832233932623
2018-08-21,19.47373982952344,16.19082426860178,1.0,2018,3.2829155609216585,16.858166893780453
2018-08-28,11.95264607622554,18.706611755978777,1.0,2018,6.753965679753238,56.50602918116384
2018-09-04,9.474903273809524,8.358563261440004,1.0,2018,1.1163400123695197,11.782072915248651
2018-09-11,8.555364758144126,8.857569322635563,1.0,2018,0.3022045644914364,3.5323399181052824
2018-09-18,8.384316454816977,9.225383233444227,1.0,2018,0.8410667786272494,10.031429314002548
2018-09-25,13.392836048233551,9.556528720481772,1.0,2018,3.836307327751779,28.644473164126943
2018-10-02,15.877862903225806,15.230072285144097,1.0,2018,0.647790618081709,4.079835063635053
2018-10-09,12.57789953555657,16.486657976194884,1.0,2018,3.908758440638314,31.076400551527794
2018-10-16,9.400429291414174,9.961552862213935,0.993,2018,0.5611235707997615,5.96912708350735
2018-10-23,10.9749599220104,8.259586567892605,0.99,2018,2.715373354117796,24.741533212090236
2018-10-30,19.007516648247883,12.573905706271454,0.994,2018,6.433610941976429,33.84771962080318
2018-11-06,20.111091584274124,21.116087263421335,0.998,2018,1.0049956791472106,4.997220936197552
2018-11-13,17.440240076884713,17.752960326924878,0.999,2018,0.3127202500401651,1.7930960162334257
2018-11-20,17.353155453684572,15.98430572852591,0.915,2018,1.368849725158661,7.888189146994676
2018-11-27,42.805,17.490622556636787,0.958,2018,25.314377443363213,59.13883294793415
2018-12-04,46.39579993209405,45.37219179476743,0.983,2018,1.0236081373266188,2.2062517271494295
2018-12-11,50.21722306650174,36.8879952253424,0.99,2018,13.329227841159337,26.543140036850875
2018-12-18,34.74791064844335,41.48877184106312,0.995,2018,6.740861192619768,19.399328094340394
2018-12-25,10.898933784368552,23.527756957455587,0.993,2018,12.628823173087035,115.87209742662648
2019-01-01,9.022664959813328,1.4965240460719897,0.995,2019,7.526140913741338,83.41372473944824
2019-01-08,11.982425013629614,11.127661237830047,0.996,2019,0.854763775799567,7.133479031392237
2019-01-15,16.45395790271462,14.909165027128928,0.999,2019,1.5447928755856921,9.388579238620927
2019-01-22,15.81633518117902,16.27628356986444,0.997,2019,0.45994838868541876,2.9080591895443897
2019-01-29,8.910762782605197,14.394036714194876,0.996,2019,5.483273931589679,61.53540460412257
2019-02-05,8.206617578307622,4.3097919706751,0.999,2019,3.896825607632522,47.4839429332362
2019-02-12,8.522977244366146,9.43829405706132,0.996,2019,0.9153168126951741,10.739402282227333
2019-02-19,10.512664135326265,9.843188979814421,0.996,2019,0.6694751555118437,6.368273036158081
2019-02-26,23.21769388209121,13.096924302575793,0.997,2019,10.120769579515418,43.5907615584595
2019-03-05,29.8538436123348,25.58699447943983,0.996,2019,4.2668491328949685,14.29246159490171
2019-03-12,21.44679269202088,25.546020222344545,0.999,2019,4.099227530323667,19.113475796540683
2019-03-19,18.065669686822925,12.289333273428305,0.997,2019,5.7763364133946205,31.974106211007904
2019-03-26,18.95637664783428,15.927390145103608,0.991,2019,3.028986502730671,15.97872082308897
2019-04-02,11.236981617867194,18.523932229044966,0.997,2019,7.286950611177772,64.8479356733241
2019-04-09,9.65574934059757,7.399687905810687,0.998,2019,2.256061434786883,23.364954445340448
2019-04-16,11.926061458866338,10.588920362409034,0.989,2019,1.3371410964573034,11.211925253522958
2019-04-23,12.44592011618358,15.012915553120742,0.988,2019,2.5669954369371624,20.62519615242643
2019-04-30,9.536199229852388,15.878000035612253,0.85,2019,6.341800805759865,66.50239422334333
2019-05-07,8.390005231544276,7.987677375383932,0.997,2019,0.40232785616034406,4.7953230666376
2019-05-14,8.24526934353091,9.155932785645213,0.998,2019,0.9106634421143021,11.044677913751745
2019-05-21,8.277258064516127,10.773614863166166,0.998,2019,2.496356798650039,30.159223974805133
2019-05-28,8.414354301187254,7.502097714467858,1.0,2019,0.9122565867193959,10.8416707220265
2019-06-04,9.990370222929936,8.192074814252955,0.996,2019,1.7982954086769816,18.000287962797685
2019-06-11,16.614477434679333,9.745278907804085,0.998,2019,6.869198526875248,41.34465591157984
2019-06-18,23.744755909412593,17.263443896605658,0.996,2019,6.481312012806935,27.295761799082957
2019-06-25,28.104813754118,23.26338280605652,1.0,2019,4.841430948061479,17.226340620571087
2019-07-02,28.623374347501866,26.572930669369534,1.0,2019,2.050443678132332,7.16352884617633
2019-07-09,27.284907276995305,24.793750680954567,1.0,2019,2.4911565960407387,9.13016331978194
2019-07-16,33.47437495082999,24.216881809341125,1.0,2019,9.257493141488865,27.65546229044473
2019-07-23,23.67592566478646,31.32306052437506,1.0,2019,7.647134859588597,32.29920117109629
2019-07-30,10.760209771281636,15.471099055024219,1.0,2019,4.710889283742583,43.780645395182425
2019-08-06,9.103494083042618,5.307722999715828,1.0,2019,3.7957710833267893,41.69576042672779
2019-08-13,9.137809562729872,10.96313901328896,1.0,2019,1.825329450559087,19.97556895915195
2019-08-20,11.657918849596156,10.826400148697452,1.0,2019,0.8315187008987035,7.132651304460816
2019-08-27,12.795222313147844,12.758945693758541,1.0,2019,0.03627661938930338,0.28351691359068465
2019-09-03,10.397107783211082,12.636504856762976,1.0,2019,2.2393970735518938,21.53865402038056
2019-09-10,9.348408049535603,9.81580179873064,0.997,2019,0.4673937491950362,4.999714889619679
2019-09-17,11.418633152928114,9.691200420840154,1.0,2019,1.7274327320879603,15.128191868087026
2019-09-24,12.10368138671069,12.553402696210277,1.0,2019,0.4497213094995871,3.7155745853766553
2019-10-01,11.05993477933424,11.909367075736135,1.0,2019,0.8494322964018952,7.6802649685518976
2019-10-08,20.333056123276563,11.69322222425982,1.0,2019,8.639833899016743,42.4915656880825
2019-10-15,30.012192051094296,24.202470557875166,0.979,2019,5.809721493219129,19.35787123888972
2019-10-22,26.87134292929293,30.45647160096977,1.0,2019,3.5851286716768413,13.34182917880382
2019-10-29,16.17591296355216,22.338342668837335,0.997,2019,6.162429705285174,38.09633322811803
2019-11-05,13.681139669256826,10.324291480950514,0.979,2019,3.356848188306312,24.53631984950461
2019-11-12,25.402681533439207,15.14630688979927,0.997,2019,10.256374643639937,40.37516523654718
2019-11-19,26.553682777919104,31.307848589733148,0.974,2019,4.754165811814044,17.90397908860839
2019-11-26,19.24607909065782,22.895289167041405,0.98,2019,3.6492100763835857,18.960797465261056
2019-12-03,19.99300049007596,14.690179408284315,0.996,2019,5.302821081791645,26.52338794481517
2019-12-10,19.208543634679778,18.80012906064443,0.993,2019,0.40841457403534775,2.1262131153867476
2019-12-17,13.31457712849513,17.09652632381964,0.985,2019,3.7819491953245077,28.404576118535424
2019-12-24,10.689190780619112,7.665749803383086,0.988,2019,3.0234409772360262,28.285031479819
2019-12-31,16.65803855170617,11.039485279716054,0.987,2019,5.618553271990116,33.728780579719846
2020-01-07,24.579913843457945,21.413290817378705,0.987,2020,3.1666230260792396,12.882970405211777
2020-01-14,28.494417195207895,25.617716372469257,0.986,2020,2.8767008227386377,10.09566471576205
2020-01-21,25.113964653760956,26.282868599078878,0.983,2020,1.168903945317922,4.654398305617079
2020-01-28,13.150655475619503,21.598391369213967,0.993,2020,8.447735893594464,64.23813557625351
2020-02-04,7.971889209093821,8.294561604260192,0.989,2020,0.3226723951663706,4.047627691542509
2020-02-11,8.701250752688171,9.59874624528646,0.989,2020,0.8974954925982885,10.314557275814808
2020-02-18,11.016666464253904,13.06933685899065,0.993,2020,2.0526703947367455,18.6324093717197
2020-02-25,9.17157139496589,13.292941371173296,0.993,2020,4.121369976207406,44.93635603675889
2020-03-03,7.716268458000485,8.438366237935096,0.992,2020,0.7220977799346109,9.358121530698115
2020-03-10,9.029807096927842,8.962140089177918,0.995,2020,0.06766700774992351,0.749373790863655
2020-03-17,17.24494761904762,13.457722333584737,0.968,2020,3.787225285462881,21.96136149047948
2020-03-24,20.291493653475428,20.513169827782175,0.983,2020,0.22167617430674724,1.0924586336145818
2020-03-31,8.392412649341448,20.877284266021146,0.932,2020,12.484871616679698,148.76379580381317
2020-04-07,8.815544682857816,5.300674500849762,0.992,2020,3.5148701820080532,39.87127634714235
2020-04-14,11.662759195796207,9.231580397718798,0.895,2020,2.4311787980774096,20.845657166219446
2020-04-21,9.513818548321808,14.636618561827671,0.968,2020,5.122800013505863,53.84588730052562
2020-04-28,10.381709523809524,9.453521531556529,0.934,2020,0.9281879922529956,8.940608385586971
2020-05-05,9.514797113574568,10.038530159655632,0.992,2020,0.5237330460810643,5.504405820002877
2020-05-12,8.45244327878025,10.217701853773686,0.992,2020,1.765258574993437,20.88459533854662
2020-05-19,11.66619677244372,8.846590485365194,1.0,2020,2.8196062870785266,24.169027336643346
2020-05-26,12.825560098931255,12.958398983063315,0.999,2020,0.13283888413205958,1.0357355398703325
2020-06-02,13.883554992199688,13.629176593125234,1.0,2020,0.25437839907445436,1.8322281232535462
2020-06-09,12.022512974852866,12.845888780560184,1.0,2020,0.8233758057073182,6.848616486665882
2020-06-16,10.33870239497448,10.631762144874696,1.0,2020,0.2930597499002161,2.8345892811719677
2020-06-23,12.543264353550612,9.60655674812568,1.0,2020,2.9367076054249317,23.412626272152515
2020-06-30,15.877513215859032,14.378689920935752,1.0,2020,1.4988232949232803,9.43991212317935
2020-07-07,16.42459301892415,16.98179358514488,1.0,2020,0.5572005662207324,3.39247715653432
2020-07-14,12.50840773545911,15.35240951318968,1.0,2020,2.84400177773057,22.73672107496409
2020-07-21,11.74723295625943,10.432001623568961,1.0,2020,1.3152313326904679,11.19609475344282
2020-07-28,15.417899718082966,11.948620679095878,1.0,2020,3.4692790389870876,22.50163188516608
2020-08-04,13.688933177022273,16.448967710196197,1.0,2020,2.7600345331739238,20.16252470139027
2020-08-11,10.788991352042531,11.87625161890065,1.0,2020,1.0872602668581184,10.07749687974569
2020-08-18,10.344665094662018,9.923587683250101,1.0,2020,0.42107741141191646,4.070478914094551
2020-08-25,10.078172422713749,8.717711255130833,1.0,2020,1.3604611675829155,13.499086049736231
2020-09-01,8.484547313270717,9.894832588290509,1.0,2020,1.4102852750197918,16.621809307539117
2020-09-08,9.349887969317724,10.455418138617059,1.0,2020,1.1055301692993353,11.82399375187388
2020-09-15,15.20404525728456,9.264227165046403,1.0,2020,5.939818092238157,39.06735340314955
2020-09-22,31.587249677002585,18.069730675317768,1.0,2020,13.517519001684818,42.79422596113641
2020-09-29,33.90252521005586,34.48016495217081,1.0,2020,0.5776397421149468,1.7038251237509956
2020-10-06,21.670470743510776,27.421991479208653,1.0,2020,5.751520735697877,26.540820473040117
2020-10-13,22.3665557176196,12.524130222931202,1.0,2020,9.8424254946884,44.00510127240948
2020-10-20,27.63182245894363,23.01339844245052,1.0,2020,4.618424016493112,16.714149142190436
2020-10-27,25.04078360054239,26.778177376569996,1.0,2020,1.7373937760276057,6.938256420977071
2020-11-03,26.275843846478825,22.830508353902754,1.0,2020,3.4453354925760706,13.112178290851631
2020-11-10,32.772733494593055,25.5614935912601,1.0,2020,7.211239903332956,22.00377916148706
2020-11-17,34.51309987966305,34.59058412753774,0.983,2020,0.07748424787468622,0.22450677610777017
2020-11-24,27.904383952415635,33.13039429820668,0.975,2020,5.226010345791046,18.728277086148104
2020-12-01,18.170250911871985,22.1563164657943,0.989,2020,3.986065553922316,21.937317064333552
2020-12-08,11.39218470489853,15.672275758032637,0.995,2020,4.280091053134107,37.57041484144573
2020-12-15,9.714707208495389,11.948923149214291,0.991,2020,2.2342159407189026,22.998283867630196
2020-12-22,9.878554854981084,12.778534111734015,0.992,2020,2.89997925675293,29.356310708652565
2020-12-29,9.64665775309404,12.071742805079392,0.99,2020,2.425085051985352,25.13912190165073
2021-01-05,11.61416146540027,12.194065752694236,0.989,2021,0.5799042872939655,4.993079259501923
2021-01-12,12.30787020179032,13.288170535727978,0.993,2021,0.9803003339376577,7.964825090494225
2021-01-19,10.221348241985522,12.602947576339751,1.0,2021,2.381599334354229,23.30024648383957
2021-01-26,9.820909893992932,12.111925730073587,1.0,2021,2.291015836080655,23.3279386615896
2021-02-02,8.852489655172413,11.18170611579675,1.0,2021,2.3292164606243375,26.31142821232671
2021-02-09,7.914175267065,10.285343308008386,1.0,2021,2.3711680409433864,29.96102513436934
2021-02-16,7.692787896592244,7.212758104456476,1.0,2021,0.4800297921357677,6.239997756189425
2021-02-23,7.680931774471101,10.023656463346164,1.0,2021,2.3427246888750632,30.500527249330766
2021-03-02,7.705157990867579,10.895792407819819,0.997,2021,3.19063441695224,41.409071958471074
2021-03-09,9.57343904341045,9.880247997977825,0.994,2021,0.30680895456737467,3.2047935248363664
2021-03-16,12.073392366412214,10.664280516399891,0.963,2021,1.409111850012323,11.671217229156126
2021-03-23,12.100258268766142,14.772547521824585,0.989,2021,2.672289253058443,22.08456376469504
2021-03-30,10.549129006882987,13.54143400654565,0.918,2021,2.9923049996626627,28.365422374778753
2021-04-06,8.168783849129593,12.672192857969186,0.847,2021,4.5034090088395935,55.129491635642246
2021-04-13,8.052172277501876,8.51299743364283,0.844,2021,0.4608251561409542,5.722991762465391
2021-04-20,8.279293019119608,12.668208892144072,0.769,2021,4.388915873024464,53.01075662969067
2021-04-27,8.426120704692133,13.443531003300883,0.785,2021,5.01741029860875,59.545910561366355
2021-05-04,8.585333333333333,12.634065302496744,0.812,2021,4.048731969163411,47.15870440864355
2021-05-11,8.121666666666666,11.593470752123075,0.81,2021,3.4718040854564087,42.747433845143554
2021-05-18,7.454999999999999,10.743162629586017,0.809,2021,3.288162629586018,44.106809249980124
2021-05-25,7.517307692307693,11.352377785053285,0.811,2021,3.8350700927455925,51.016537432277
2021-06-01,7.622222222222224,10.796918016710471,0.824,2021,3.1746957944882475,41.65052791602656
2021-06-08,7.62,11.036869099862407,0.821,2021,3.4168690998624074,44.84080183546466
2021-06-15,9.165454545454544,10.494268381220856,0.823,2021,1.3288138357663115,14.498068035538017
2021-06-22,12.135,11.965263902076494,0.803,2021,0.16973609792350608,1.3987317505027284
2021-06-29,12.743333333333334,14.65306867808679,0.791,2021,1.9097353447534555,14.986152326079955
2021-07-06,11.8375,14.672117221485827,0.815,2021,2.8346172214858267,23.946080012551864
2021-07-13,10.706666666666669,14.547338163876852,0.814,2021,3.8406714972101827,35.87177612587343
2021-07-20,10.878333333333334,12.315842313169107,0.812,2021,1.4375089798357727,13.214422979951948
2021-07-27,12.292333333333334,13.522405467118041,0.82,2021,1.2300721337847076,10.006823769162683
2021-08-03,12.33,15.316655962332653,0.807,2021,2.9866559623326534,24.22267609353328
2021-08-10,11.275,14.317859459640694,0.817,2021,3.0428594596406935,26.987667047811026
2021-08-17,10.381666666666666,12.520614497739508,0.851,2021,2.1389478310728425,20.60312568058606
2021-08-24,10.136666666666668,12.002883504627256,0.836,2021,1.8662168379605877,18.410557428088662
2021-08-31,11.178333333333336,13.110778422402497,0.823,2021,1.9324450890691605,17.287416929200774
2021-09-07,14.632083333333334,13.80467608675972,0.842,2021,0.827407246573614,5.654746680458676
2021-09-14,19.14466666666667,18.230758695346744,0.819,2021,0.9139079713199258,4.7736948740463445
2021-09-21,18.320333333333338,20.515560264422255,0.823,2021,2.195226931088918,11.98246173335047
2021-09-28,17.113999999999997,18.29622993031436,0.819,2021,1.1822299303143637,6.907969675788032
2021-10-05,17.831666666666667,17.549077125655835,0.826,2021,0.28258954101083233,1.5847623572903955
2021-10-12,24.532727272727268,18.63589133239922,0.823,2021,5.8968359403280495,24.036609850888816
2021-10-19,30.051005314437557,28.739746344897505,0.804,2021,1.3112589695400523,4.363444602999945
2021-10-26,45.22767764378479,32.765797631399074,0.818,2021,12.461880012385713,27.553658869102314
2021-11-02,50.32118113912232,44.78005553188789,0.817,2021,5.541125607234427,11.011517380553826
2021-11-09,48.911260414416034,45.377343332046884,0.753,2021,3.5339170823691504,7.225160530370567
2021-11-16,36.38207723557537,41.0702736771132,0.784,2021,4.688196441537826,12.88600541189985
2021-11-23,22.84716829946783,27.454055828227503,0.862,2021,4.606887528759675,20.163932214159694
2021-11-30,18.388333333333332,17.791454967734445,0.908,2021,0.5968783655988865,3.245962289126547
2021-12-07,13.141666666666667,19.017477394677066,0.926,2021,5.875810728010398,44.71130547629979
2021-12-14,11.326841367713005,11.489377629552486,0.98,2021,0.162536261839481,1.4349654644479106
2021-12-21,10.559772874756652,12.612356614108116,0.99,2021,2.052583739351464,19.437764085420874
2021-12-28,10.427997367069098,13.25662516763456,0.999,2021,2.828627800565462,27.125321391987256
2022-01-04,10.60182549355367,12.174625812593305,1.0,2022,1.5728003190396347,14.83518399728386
2022-01-11,11.379224923835553,12.862125955395001,1.0,2022,1.4829010315594484,13.031652344381401
2022-01-18,11.322139634510172,10.518069895926587,1.0,2022,0.8040697385835855,7.101747236297637
2022-01-25,9.83673403308988,11.930373044481868,1.0,2022,2.093639011391989,21.283883495773882
2022-02-01,9.409803349450586,10.182635630161016,1.0,2022,0.7728322807104302,8.213054534827807
2022-02-08,10.103153770977714,11.341353256451313,1.0,2022,1.238199485473599,12.255573987505235
2022-02-15,10.660467085315004,12.568940196146386,1.0,2022,1.9084731108313822,17.90234044679281
2022-02-22,10.969491369834104,9.916800432288355,1.0,2022,1.0526909375457496,9.596533713865986
2022-03-01,13.932416078215075,12.639962112959822,1.0,2022,1.2924539652552536,9.276596090725091
2022-03-08,37.4855525984564,16.768221992963205,1.0,2022,20.717330605493196,55.26750753127834
2022-03-15,47.316136996320175,43.27261583815623,1.0,2022,4.043521158163948,8.545755031689119
2022-03-22,38.45982337470241,42.857989334667295,0.951,2022,4.398165959964885,11.435741441438475
2022-03-29,26.34870236725426,25.315472441707627,0.986,2022,1.0332299255466317,3.9213692998813983
2022-04-05,19.7655368738392,17.063963083570897,0.957,2022,2.701573790268302,13.668102250457903
2022-04-12,15.093126664742886,18.36205923543956,0.886,2022,3.2689325706966734,21.658418718056655
2022-04-19,13.475735958258884,15.744410601362219,0.726,2022,2.268674643103335,16.835255975113782
2022-04-26,12.682333333333332,16.842609887538558,0.766,2022,4.160276554205225,32.80371556920566
2022-05-03,12.54,14.953380219012658,0.825,2022,2.4133802190126588,19.245456291966978
2022-05-10,14.472333333333331,13.922082951095817,0.827,2022,0.5502503822375147,3.8020847748866666
2022-05-17,14.478666666666667,15.387140703136865,0.791,2022,0.9084740364701975,6.274569733425252
2022-05-24,13.833666666666666,15.160573808456022,0.856,2022,1.3269071417893556,9.591868690797973
2022-05-31,12.075,14.023258149281716,0.821,2022,1.9482581492817168,16.13464305823368
2022-06-07,11.311666666666666,12.513053033306662,0.851,2022,1.201386366639996,10.620772358685688
2022-06-14,11.761666666666668,12.085906654710058,0.857,2022,0.3242399880433897,2.7567520593174693
2022-06-21,13.4425,13.126558222075047,0.819,2022,0.31594177792495337,2.35032008871083
2022-06-28,16.266666666666666,15.311208048493356,0.815,2022,0.95545861817331,5.873721013360512
2022-07-05,15.175000000000002,17.649129437676194,0.848,2022,2.4741294376761918,16.303983114834868
2022-07-12,14.685,15.918981985015066,0.828,2022,1.233981985015065,8.403009771978653
2022-07-19,13.878666666666668,14.393667546999595,0.834,2022,0.5150008803329271,3.710737441153764
2022-07-26,16.88,14.300209161161646,0.804,2022,2.5797908388383526,15.283121083165597
2022-08-02,18.05666666666667,19.276736887279284,0.801,2022,1.220070220612616,6.756896182089436
2022-08-09,15.575,18.46840841176332,0.821,2022,2.893408411763321,18.577261070711533
2022-08-16,19.55,14.258425767638911,0.836,2022,5.291574232361089,27.066875868854673
2022-08-23,26.868333333333332,21.13749421924568,0.83,2022,5.730839114087651,21.329343517477767
2022-08-30,27.025,28.534758244696192,0.845,2022,1.5097582446961937,5.586524494713021
2022-09-06,25.813888888888886,25.14928397161451,0.859,2022,0.664604917274378,2.5746020684254396
2022-09-13,26.596666666666668,23.012758966008548,0.837,2022,3.58390770065812,13.475025820246096
2022-09-20,29.843333333333327,24.95145897249124,0.861,2022,4.891874360842088,16.39184975150929
2022-09-27,29.888333333333332,29.625317296913792,0.823,2022,0.26301603641953974,0.8799956608025643
2022-10-04,31.478333333333335,28.048405997153324,0.846,2022,3.429927336180011,10.89615291845188
2022-10-11,50.690909090909095,29.696695980692468,0.854,2022,20.994213110216627,41.41613059762964
2022-10-18,63.98229954331883,54.009341608949214,0.808,2022,9.972957934369617,15.587057679315647
2022-10-25,67.54581738487877,60.14623379772091,0.793,2022,7.3995835871578635,10.954910124182435
2022-11-01,74.58505640965045,56.570702336918245,0.734,2022,18.014354072732203,24.152765902314655
2022-11-08,85.55627775129437,67.075519753975,0.811,2022,18.480757997319373,21.600703633977087
2022-11-15,93.24382000165872,77.00160836810282,0.902,2022,16.242211633555897,17.419075744930833
2022-11-22,94.335,79.82942853812214,0.878,2022,14.50557146187785,15.37665920589161
2022-11-29,94.1,76.7765918944982,0.9,2022,17.323408105501798,18.40957290701573
2022-12-06,93.5512912926436,76.13049277622518,0.982,2022,17.420798516418415,18.62165479033671
2022-12-13,85.60538342711304,76.75254256866519,0.993,2022,8.852840858447848,10.34145342738336
2022-12-20,65.75779885700199,68.49331024229916,0.993,2022,2.7355113852971726,4.159980158773047
2022-12-27,48.87976377690758,48.244332668524336,0.997,2022,0.6354311083832442,1.2999880917661941
2023-01-03,39.9469059323404,40.53906137536221,0.998,2023,0.5921554430218094,1.4823562155846708
2023-01-10,23.952240605279385,36.38248563577967,0.999,2023,12.430245030500288,51.89595927723146
2023-01-17,15.29092025135247,17.35090373221378,0.998,2023,2.0599834808613107,13.471939209669914
2023-01-24,13.217763616171217,14.313877023540657,1.0,2023,1.0961134073694403,8.292729687103838
2023-01-31,14.211507103647673,15.947362654850211,1.0,2023,1.7358555512025386,12.214436783815813
2023-02-07,15.784530542253766,15.938365143025111,1.0,2023,0.15383460077134536,0.9745909158308129
2023-02-14,15.292797964644802,16.957184164317866,1.0,2023,1.6643861996730642,10.88346425239472
2023-02-21,15.211307369228509,15.58020257578123,1.0,2023,0.3688952065527218,2.425138073923698
2023-02-28,15.355006730656676,14.993721865018118,1.0,2023,0.36128486563855766,2.352879891073202
2023-03-07,14.929438580514256,16.591050637348914,1.0,2023,1.6616120568346577,11.129769199783414
2023-03-14,12.95619168529636,14.983900383587,1.0,2023,2.02770869829064,15.65049937160032
2023-03-21,11.63693501168996,11.709544647242113,1.0,2023,0.07260963555215305,0.6239584175662454
2023-03-28,11.264981198163806,11.375584803504852,1.0,2023,0.11060360534104596,0.9818356852568415
2023-04-04,19.758375942412275,13.271747278552242,0.988,2023,6.486628663860033,32.82976638751053
2023-04-11,38.966333629495466,23.545577322320852,0.953,2023,15.420756307174614,39.57456314417509
2023-04-18,46.7290238454395,46.32909104691605,0.846,2023,0.39993279852345154,0.8558552385906147
2023-04-25,44.70972109060494,46.824298380059574,0.799,2023,2.114577289454637,4.7295694043123495
2023-05-02,45.14088588933405,41.66431479653845,0.739,2023,3.476571092795602,7.701601384870142
2023-05-09,36.75666666666667,45.34618769242853,0.763,2023,8.589521025761861,23.368607125497036
2023-05-16,22.53,32.32549545977251,0.858,2023,9.79549545977251,43.47756528971376
2023-05-23,14.171666666666663,17.019007280818514,0.908,2023,2.8473406141518502,20.091783705646364
2023-05-30,11.883333333333333,12.806780788188222,0.903,2023,0.9234474548548892,7.770946324164566
2023-06-06,12.275,14.619298840431542,0.905,2023,2.3442988404315415,19.09815755952376
2023-06-13,12.66,14.306916229318675,0.922,2023,1.6469162293186752,13.00881697724072
2023-06-20,15.333333333333332,13.188936827999202,0.901,2023,2.1443965053341305,13.9851946000052
2023-06-27,19.798333333333336,16.72870272386193,0.934,2023,3.0696306094714068,15.504489988070072
2023-07-04,21.385416666666668,22.578030746344936,0.909,2023,1.1926140796782683,5.576763353585667
2023-07-11,18.605,22.090307680318617,0.878,2023,3.4853076803186163,18.73317753463379
2023-07-18,15.275,16.945751529699393,0.9,2023,1.670751529699393,10.93781688837573
2023-07-25,20.108333333333334,15.443204424082568,0.874,2023,4.665128909250766,23.199977998760545
2023-08-01,29.290000000000003,23.45326268166029,0.887,2023,5.836737318339711,19.92740634462175
2023-08-08,26.528333333333332,32.8054397888299,0.855,2023,6.277106455496568,23.661895289928637
2023-08-15,21.22,24.01779543472189,0.845,2023,2.797795434721891,13.184709871450947
2023-08-22,18.031666666666663,17.136771855157733,0.836,2023,0.8948948115089301,4.9629068019720695
2023-08-29,13.608333333333333,16.973623393917066,0.938,2023,3.3652900605837335,24.729626899574285
2023-09-05,12.384090909090908,14.062366554855247,0.918,2023,1.678275645764339,13.551867941572935
2023-09-12,11.729166666666666,14.092187765492485,0.895,2023,2.3630210988258185,20.146538675602006
2023-09-19,13.216666666666669,13.817549374264148,0.91,2023,0.6008827075974796,4.5464013185181305
2023-09-26,17.817857142857143,16.32464256789153,0.875,2023,1.493214574965613,8.380438584693758
2023-10-03,18.248333333333335,21.1408982253394,0.913,2023,2.892564892006064,15.851118231835217
2023-10-10,14.154166666666669,18.886278583748364,0.891,2023,4.732111917081696,33.432642334401145
2023-10-17,11.751312475555276,12.363001057783366,0.86,2023,0.6116885822280906,5.205278844388716
2023-10-24,12.114737034603593,12.541561218124501,0.927,2023,0.42682418352090856,3.52318157878096
2023-10-31,12.272893227177368,14.750932543460111,0.925,2023,2.478039316282743,20.191158436833113
2023-11-07,16.048396164901366,15.452972053209054,0.93,2023,0.5954241116923118,3.710178298031636
2023-11-14,23.920196257872,22.76048934650582,0.466,2023,1.1597069113661789,4.8482332622355715
2023-12-12,10.275,18.91823719180961,0.166,2023,8.64323719180961,84.11909675727112
2023-12-26,10.525,19.781187254773087,0.127,2023,9.256187254773087,87.94477201684643
2024-01-02,11.525,15.556526272224959,0.144,2024,4.0315262722249585,34.980705181995305
2024-01-09,12.525,14.620539575695078,0.165,2024,2.095539575695078,16.730854895769085
2024-01-16,13.7625,17.09456527756292,0.133,2024,3.332065277562922,24.211191844235582
2024-01-23,14.0,19.829288175932717,0.167,2024,5.829288175932717,41.63777268523369
2024-01-30,14.4,15.677722872511298,0.143,2024,1.2777228725112977,8.873075503550679
2024-02-06,13.8,16.440400585515633,0.119,2024,2.640400585515632,19.133337576200233
2024-02-13,13.9,17.593011832761974,0.135,2024,3.6930118327619734,26.56843045152499
2024-02-20,18.75,17.239799820159803,0.171,2024,1.5102001798401972,8.054400959147719
2024-02-27,29.4,23.047951669807887,0.19,2024,6.352048330192112,21.60560656527929
2024-03-05,24.7,33.965472438858384,0.157,2024,9.265472438858385,37.51203416541856
2024-03-12,35.915,24.286755922995596,0.127,2024,11.628244077004403,32.37712397885119
2024-03-19,41.95,41.95588489291997,0.097,2024,0.005884892919965523,0.014028350226377885
2024-03-26,38.28378510704589,44.626380458758874,0.266,2024,6.342595351712987,16.567315206629537
2024-04-02,30.91127946818169,35.80742886854698,0.299,2024,4.896149400365289,15.839361827145026
2024-04-09,23.665729912114767,27.537523405226054,0.616,2024,3.871793493111287,16.360338377432722
2024-04-16,24.003123845649167,23.13755981064348,0.746,2024,0.8655640350056863,3.6060474485389924
2024-04-23,28.809036085804504,23.283930498888182,0.903,2024,5.525105586916322,19.178377126053125
2024-04-30,28.538333333333338,29.69627142956817,0.947,2024,1.1579380962348331,4.057483254925538
2024-05-07,26.871666666666663,28.887793606113448,0.942,2024,2.016126939446785,7.502798261291765
2024-05-14,26.746666666666663,23.78392950806385,0.932,2024,2.9627371586028133,11.077033245025476
2024-05-21,34.963797376477096,25.207632333763442,1.0,2024,9.756165042713654,27.903619671693313
2024-05-28,41.130316183265634,37.204043478123296,1.0,2024,3.9262727051423383,9.545933679789677
2024-06-04,47.55288593987418,41.31751498258022,1.0,2024,6.235370957293959,13.112497452158753
2024-06-11,40.525070894297976,44.45507002776826,1.0,2024,3.9299991334702824,9.69769835497869
2024-06-18,29.720206557207312,33.077598024718824,1.0,2024,3.357391467511512,11.29666262934275
2024-06-25,25.98405992836701,22.91556481299874,1.0,2024,3.068495115368272,11.809144236226036
2024-07-02,19.70790016032639,24.788448533014886,1.0,2024,5.080548372688497,25.779247567511305
2024-07-09,18.80636910006379,17.521776330033774,1.0,2024,1.2845927700300166,6.830626173478958
2024-07-16,19.12337160420777,18.73554720452914,1.0,2024,0.38782439967862814,2.028012673211318
2024-07-23,14.35333538338658,19.338065563534812,1.0,2024,4.984730180148231,34.72872365204996
2024-07-30,13.355196061912508,13.014145764009912,1.0,2024,0.341050297902596,2.553689937021834
2024-08-06,13.01079026220988,13.7542572451885,1.0,2024,0.7434669829786191,5.714233862781072
2024-08-13,14.003838039124055,13.868980677311855,1.0,2024,0.13485736181219998,0.9630028670385519
2024-08-20,15.205854670909597,15.324816340195683,1.0,2024,0.11896166928608665,0.7823412222508798
2024-08-27,16.484453144115488,16.00155660060686,1.0,2024,0.48289654350862676,2.9294059031676642
2024-09-03,15.919809363055377,16.733486193631094,1.0,2024,0.8136768305757176,5.111096571696348
2024-09-10,13.599414772187863,16.17484024292132,1.0,2024,2.5754254707334567,18.937766910385395
2024-09-17,12.87439467794651,12.353369982074627,0.996,2024,0.5210246958718834,4.046984024533477
2024-09-24,12.469793952187688,14.54654083164546,1.0,2024,2.0767468794577724,16.654219688156356
2024-10-01,12.429253994825242,13.582760209381194,1.0,2024,1.1535062145559518,9.280574803895705
2024-10-08,13.76177770677893,12.757584218291798,1.0,2024,1.0041934884871324,7.296975070251829
2024-10-15,14.30724431485244,13.731503516446127,0.987,2024,0.5757407984063132,4.024120828136227
2024-10-22,14.894627459985392,16.715758104316976,0.983,2024,1.8211306443315838,12.226761959801108
2024-10-29,17.797391430979022,16.839308956617785,0.987,2024,0.9580824743612375,5.383274723584219
2024-11-05,30.61542443538596,20.202096623511167,0.985,2024,10.413327811874794,34.0133380605328
2024-11-12,45.163062822616816,37.2107106916465,0.993,2024,7.9523521309703185,17.60808863252722
2024-11-19,50.403552163620525,48.19653156134534,0.962,2024,2.207020602275186,4.378700523151093
2024-11-26,37.133113019994894,46.64295833977751,0.903,2024,9.509845319782613,25.61014831873075
2024-12-03,26.285416666666663,29.23677933654737,0.868,2024,2.9513626698807087,11.228137287332492
2024-12-10,17.825649378447352,21.78236117619103,0.916,2024,3.9567117977436794,22.19673299828091
2024-12-17,13.28406379339832,15.702469410084563,0.878,2024,2.4184056166862433,18.20531468606843
2024-12-24,11.772222222222222,15.922589275764993,0.906,2024,4.150367053542771,35.25559554684751
2024-12-31,11.841666666666669,17.900314201278363,0.867,2024,6.058647534611694,51.16380747033098
2025-01-07,11.964243096765896,13.617444356293792,1.0,2025,1.6532012595278953,13.81785079220581
2025-01-14,11.8912963144499,13.473021927609299,1.0,2025,1.5817256131593993,13.30154065068028
2025-01-21,11.82627705767288,13.331795022099246,1.0,2025,1.5055179644263657,12.730278151648633
2025-01-28,12.031567004970574,13.249805270823632,1.0,2025,1.2182382658530582,10.125349967712188
2025-02-04,13.463047407618651,13.412428335099609,1.0,2025,0.05061907251904252,0.3759852504894064
2025-02-11,14.664462598285706,14.769711006752747,1.0,2025,0.10524840846704109,0.7177106406841309
2025-02-18,12.447459567438464,15.014227621618549,1.0,2025,2.566768054180084,20.620818571642836
2025-02-25,11.381683576719356,12.942966481960813,1.0,2025,1.5612829052414572,13.717504046896723
2025-03-04,11.25781162115157,11.689751894513794,1.0,2025,0.4319402733622244,3.836804948402938
2025-03-11,12.879844040518227,12.755970158088022,1.0,2025,0.12387388243020503,0.961765391261841
2025-03-18,17.718281123230764,16.641318477412657,0.992,2025,1.0769626458181065,6.078256904988831
2025-03-25,18.53082866085131,19.42776742549626,0.982,2025,0.8969387646449505,4.840251782910527
2025-04-01,14.798832316510053,19.37644319776979,0.922,2025,4.577610881259739,30.932243729478635
2025-04-08,14.035037529076291,14.086311480370856,0.927,2025,0.05127395129456502,0.36532820940692984
2025-04-15,14.72873408233856,16.228435583335514,0.994,2025,1.499701500996954,10.182147987825159
2025-04-22,14.90145396431021,18.041988879594502,0.973,2025,3.1405349152842916,21.075358973735334
2025-04-29,12.32755579803591,16.21617134522825,0.972,2025,3.888615547192341,31.544092039817784
2025-05-06,11.804615657885387,13.284861843331615,1.0,2025,1.4802461854462283,12.539554258655054
2025-05-13,12.729917605982944,12.763290231874922,1.0,2025,0.0333726258919782,0.2621590093897652
2025-05-20,14.590037594088349,12.580658800237703,1.0,2025,2.0093787938506456,13.772266047243182
2025-05-27,13.125711489500018,16.071655956458077,1.0,2025,2.945944466958059,22.44407451218688
2025-06-03,11.991270698150291,13.319290333571477,1.0,2025,1.3280196354211853,11.07488663087256
2025-06-10,11.942194600949252,12.39852049598716,1.0,2025,0.4563258950379083,3.821122584969736
2025-06-17,12.355501953217953,13.22520460175014,1.0,2025,0.8697026485321864,7.038990822268253
2025-06-24,22.27084457612216,13.515143393497116,1.0,2025,8.755701182625042,39.314634668199915
2025-07-01,30.898002064023174,26.606922867609516,1.0,2025,4.2910791964136585,13.887885655267269
2025-07-08,33.863102961474,33.10877637154232,1.0,2025,0.7543265899316793,2.2275766954666723
2025-07-15,34.063680961792954,32.95386897472605,1.0,2025,1.1098119870669052,3.2580506737123036
2025-07-22,21.463893635576024,30.747232659257694,1.0,2025,9.28333902368167,43.25095521482971
2025-07-29,22.287659204108717,14.88337946997257,1.0,2025,7.404279734136146,33.22143284015745
2025-08-05,24.86172236803348,23.292832976491642,1.0,2025,1.5688893915418376,6.310461392486115
2025-08-12,24.469940985065403,26.155529236162753,1.0,2025,1.68558825109735,6.888403417589382
2025-08-19,30.79665747455308,24.105700202954214,1.0,2025,6.690957271598865,21.726245054767794
2025-08-26,30.61312660243681,32.47120238414033,1.0,2025,1.8580757817035156,6.069539403255898
2025-09-02,23.894233794180643,28.04539221712088,1.0,2025,4.151158422940238,17.373055184348445
2025-09-09,17.525211375307595,20.027393305082857,1.0,2025,2.5021819297752614,14.277613411845905
2025-09-16,13.76786769286789,15.98154917268943,1.0,2025,2.21368147982154,16.07860802561521
2025-09-23,12.9004584512921,13.805390495375438,1.0,2025,0.9049320440833384,7.014727790489501
2025-09-30,22.1235220935815,15.02827397377536,1.0,2025,7.09524811980614,32.07106033927853
2025-10-07,33.206092294585126,27.82364176740447,0.999,2025,5.382450527180655,16.209225943934282
2025-10-14,35.1507377945515,37.75086331274832,0.945,2025,2.600125518196819,7.397072384067706
2025-10-21,48.47374382571066,34.32942289139777,0.998,2025,14.144320934312894,29.179344977291997
2025-10-28,50.26605305697065,50.740325169336586,0.947,2025,0.4742721123659379,0.9435236775571108
2025-11-04,45.66541002418242,47.2334842783676,0.993,2025,1.568074254185177,3.433833734011789
2025-11-11,47.96782816104097,40.197326908709044,0.998,2025,7.7705012523319255,16.199401870445858
2025-11-18,48.21002303212804,46.81038927563583,0.828,2025,1.3996337564922143,2.9032007629605836
2025-11-25,51.43543161406499,46.17810935418214,0.924,2025,5.257322259882848,10.2212076284886
2025-12-02,45.34870961240101,49.7283551360361,0.923,2025,4.379645523635091,9.657707046282608
2025-12-09,31.760714285714283,39.264267101025155,0.89,2025,7.503552815310872,23.62526468331322
2025-12-16,23.74918955005734,22.827132393210096,0.985,2025,0.9220571568472451,3.882478410068603
2025-12-23,19.58915640427375,20.66005175014806,1.0,2025,1.070895345874309,5.466776229530091
2025-12-30,16.395344478760858,22.47243906716034,1.0,2025,6.077094588399483,37.065976846488205
2026-01-06,15.64597457627119,18.19654165268562,1.0,2026,2.5505670764144313,16.301746266944864
2026-01-13,13.700581412776554,16.4558896606791,1.0,2026,2.7553082479025477,20.11088555214941
2026-01-20,15.870968564687878,13.976965342756696,0.995,2026,1.8940032219311824,11.933759519537112
2026-01-27,23.257749709314044,17.277008382973374,1.0,2026,5.98074132634067,25.7150472470067
2026-02-03,34.115090590675415,26.362226275268792,1.0,2026,7.752864315406622,22.725615500859
2026-02-10,44.31952145851304,37.82896369197297,1.0,2026,6.490557766540064,14.644918430844964
2026-02-17,41.61506443818867,45.16636754135678,1.0,2026,3.5513031031681095,8.533696033182649
2026-02-24,30.368786528844375,35.36507113700807,1.0,2026,4.996284608163698,16.45203901518492
2026-03-03,19.418628329442917,25.895025958436943,1.0,2026,6.476397628994025,33.351468080649035
2026-03-10,19.0604981069335,13.414105918333714,1.0,2026,5.646392188599787,29.623529022811002
2026-03-17,17.049064923639676,21.01000456959721,0.962,2026,3.9609396459575343,23.232591721000635
2026-03-24,14.622153387087016,21.628246824182067,0.868,2026,7.006093437095052,47.91423842730449
2026-03-31,13.685985662894677,13.180751602246144,0.987,2026,0.505234060648533,3.691616176526614
2026-04-07,15.220717106729944,15.803544752237624,0.988,2026,0.5828276455076793,3.8291733656226885
