week_ending,actual,ols_pred,xgb_pred
2014-01-07,6.955549304196564,7.537810445461902,6.7374687
2014-01-14,7.502734637465447,8.982951028594586,6.634609
2014-01-21,6.487475875379101,9.547277798832967,7.411176
2014-01-28,6.060747903430749,8.116317948847838,6.9454055
2014-02-04,5.98819414820421,8.148512989298299,6.4242516
2014-02-11,6.38614444231873,7.4692204835929505,6.2565293
2014-02-18,6.467911290591452,8.858805060785928,8.407623
2014-02-25,6.44170674380763,6.767593855506222,6.607283
2014-03-04,6.574071203086636,3.9742818408005878,7.2483444
2014-03-11,6.8953333945628215,7.804718510869636,7.2939367
2014-03-18,7.372148788189111,5.985591462485447,9.570978
2014-03-25,6.768693254554406,5.599980731729831,7.010903
2014-04-01,6.648540179751519,5.151217919979105,7.6227937
2014-04-08,7.212838548429531,8.246180508635577,8.629175
2014-04-15,9.734757449882606,7.227761771116322,7.261536
2014-04-22,9.787536116783905,10.905299395862928,9.806945
2014-04-29,10.25577186684073,11.396525539026245,10.931514
2014-05-06,9.075270683975974,11.227922827014938,10.282082
2014-05-13,9.684870733478578,7.332508572157169,8.608292
2014-05-20,15.18967430943513,11.067619650656981,9.395967
2014-05-27,16.47207116717278,16.859094487225548,16.383732
2014-06-03,17.171608335061165,15.533093720980334,15.1250725
2014-06-10,15.952558959887115,15.65155457503579,17.224514
2014-06-17,14.844868123320609,14.743903939104486,13.656912
2014-06-24,19.31634945348246,13.99424564788251,13.824695
2014-07-01,20.76002116402116,19.069783617768508,16.810034
2014-07-08,18.794686886051075,18.374714194258445,15.949683
2014-07-15,15.547305456949957,16.11199786663019,18.401567
2014-07-22,11.957523528585476,13.15248003048828,12.502813
2014-07-29,11.88529702970297,10.456936015336852,9.9976
2014-08-05,12.347732558139532,11.778433623628532,10.643336
2014-08-12,13.108962156983509,12.13507887145113,11.550065
2014-08-19,14.330123205236486,12.65657508509105,12.741468
2014-08-26,16.061914466506654,13.536429356761234,16.00004
2014-09-02,17.445582932692307,15.532795774697776,16.252234
2014-09-09,17.490315980861247,15.703439478541101,18.355215
2014-09-16,16.0203984446801,15.392245140659613,16.668348
2014-09-23,15.28952326296372,14.4639500868675,14.840655
2014-09-30,15.146764171354397,12.965933613991526,12.8905
2014-10-07,15.04453362300848,14.551657202915523,13.67483
2014-10-14,15.114402358552203,11.736303725740074,13.676134
2014-10-21,13.053940249759847,12.65635617996236,13.358318
2014-10-28,18.26082800903517,12.970608363691442,14.013316
2014-11-04,26.790548183041725,18.0510973905009,19.79942
2014-11-11,31.844903450539334,26.701481447724063,21.299812
2014-11-18,21.618505583365422,25.64541436830143,20.718378
2014-11-25,12.308333333333332,11.714910276548041,9.935814
2014-12-02,10.812445537131769,7.094297856009009,7.2180076
2014-12-09,8.974834597169009,9.762509033522294,9.674151
2014-12-16,7.950980392156863,6.115810934308003,8.171095
2014-12-23,7.10836973310619,6.989484242587993,8.003473
2014-12-30,8.609477124183007,9.609365148288136,8.248808
2015-01-06,18.756624416048364,11.377281317118605,10.758716
2015-01-13,24.913538658424013,21.083396041613174,17.181923
2015-01-20,22.353346100962483,23.29047969340927,21.194544
2015-01-27,13.254648671955849,16.50364090254759,14.092964
2015-02-03,14.028322993599213,8.404229608052265,13.156299
2015-02-10,10.814033194299618,14.565387289975593,14.436536
2015-02-17,6.949640506745641,7.494284891731741,9.673251
2015-02-24,6.71042558988611,4.55159714402912,8.790083
2015-03-03,6.952137227630969,7.848177991365038,7.831518
2015-03-10,9.583658365758756,7.753630527211886,8.058814
2015-03-17,11.7765109148411,9.346760486172503,9.80787
2015-03-24,10.683319139784947,8.355411104519408,10.318588
2015-03-31,7.476918394208623,7.874638844059451,8.905568
2015-04-07,8.0634471662172,6.392832287273837,8.425631
2015-04-14,10.87345124369142,8.913901564071626,9.496126
2015-04-21,10.966497307485191,11.859093806096599,11.784366
2015-04-28,15.302404752008869,12.65337838635212,9.275972
2015-05-05,18.88212699958983,15.522241902414226,13.077987
2015-05-12,12.830146036161334,18.201133945485072,14.932118
2015-05-19,10.983398068669528,9.879539410721112,9.952571
2015-05-26,9.758765236755744,11.175167163868867,11.303076
2015-06-02,11.812013240857503,10.074437503499542,11.544401
2015-06-09,14.20233641643364,12.808673999484018,13.791827
2015-06-16,16.57551318944844,15.047337776362543,16.124554
2015-06-23,15.92352633969119,15.714716610234564,16.96406
2015-06-30,14.695096608701444,14.470592427619966,14.56573
2015-07-07,13.985782845095429,13.790563601833174,14.457458
2015-07-14,10.036890401462156,12.908476587782207,15.664501
2015-07-21,7.235379725421304,7.86671803618383,10.222049
2015-07-28,7.033020932144438,7.166757818416375,8.256605
2015-08-04,7.546321400159109,7.884367485711596,7.967288
2015-08-11,15.890378992497322,8.683381149719526,8.763783
2015-08-18,20.25125086028906,18.38071345873134,14.5715685
2015-08-25,20.183887147335422,18.48361143056427,17.859797
2015-09-01,20.053671645533345,17.305437217533655,14.630698
2015-09-08,19.657430298544288,18.251895664779273,16.702879
2015-09-15,24.669369720220104,18.15803072509725,15.5587435
2015-09-22,30.311229437229436,23.73550112870935,19.646818
2015-09-29,23.78269036299147,28.219774787668985,22.110302
2015-10-06,17.294691516709506,18.308749766613847,15.972841
2015-10-13,12.334546737766626,14.125943538298817,14.162674
2015-10-20,15.11609414024976,9.28150714942392,9.912028
2015-10-27,22.35646913681724,15.745841903552492,12.457095
2015-11-03,24.016655086147765,24.777217004232103,20.326527
2015-11-10,26.60512322080632,21.846534863736895,20.912756
2015-11-17,29.402802543220456,22.954695788546292,24.630608
2015-11-24,34.12,25.630446696432205,20.596634
2015-12-01,34.329166666666666,28.914774713045336,17.677979
2015-12-08,29.866145221971408,28.445734814921867,20.728333
2015-12-15,24.10766355576295,21.85690852699422,21.291138
2015-12-22,23.72280589413448,19.235437516890546,13.922273
2015-12-29,21.536889650647115,23.98375106590804,14.198803
2016-01-05,25.091944974554707,21.32389655197451,18.91572
2016-01-12,30.53914005725611,24.33798378143089,23.357515
2016-01-19,23.89712592637345,30.3673299185842,27.642183
2016-01-26,13.526876230045922,18.986993034700017,17.631262
2016-02-02,8.756340094658553,8.657256826402058,13.012827
2016-02-09,8.780809739524347,9.39330229571723,11.790771
2016-02-16,14.66056163268196,11.798564976975026,11.027096
2016-02-23,11.173400376382029,16.529949756014243,17.283852
2016-03-01,7.659461088977425,9.244148592729598,11.403679
2016-03-08,7.32388205950472,6.450387329054674,6.68977
2016-03-15,7.313340893230984,6.403145930506039,7.4443116
2016-03-22,9.060657411135209,8.960172736179484,8.177913
2016-03-29,7.781518779727735,8.73908374133347,8.708258
2016-04-05,7.482008765170487,7.672620061170132,7.6715846
2016-04-12,7.812552463711514,8.931855881220226,8.716293
2016-04-19,9.251662481550346,8.609093709750677,8.675815
2016-04-26,10.518380244502312,10.304079307548104,10.393915
2016-05-03,18.43084807737674,12.054658329180452,10.893971
2016-05-10,20.940324117428464,21.294305235334573,18.382284
2016-05-17,13.868667047793275,19.931071308065693,16.506937
2016-05-24,9.909354774774776,10.718635824234493,12.770905
2016-05-31,11.397087351703023,9.062417830442396,11.442668
2016-06-07,14.973930631688855,13.375510913366124,12.918233
2016-06-14,11.516831639963527,15.118707094175956,13.936769
2016-06-21,9.621158796108634,10.233371990078663,9.589017
2016-06-28,9.579016656751932,9.157628414989258,9.132633
2016-07-05,12.852385219553616,10.226679161758025,11.836772
2016-07-12,16.953606969205836,15.29329585010029,14.561698
2016-07-19,10.274974751897258,17.030077715330176,17.736889
2016-07-26,9.324392657042065,7.993872733758476,10.988977
2016-08-02,10.19708425630436,8.87785021345027,9.092298
2016-08-09,8.297489082086535,11.104145842169569,9.964784
2016-08-16,8.114675931753027,8.985751302005124,10.798983
2016-08-23,8.159811721991701,8.97397933575925,9.40434
2016-08-30,9.021417049311236,8.805544266469692,10.11593
2016-09-06,9.127163335404584,9.700273597967193,9.315037
2016-09-13,8.952735544697113,9.506644642502092,8.960477
2016-09-20,8.379271853388659,8.810462011772952,8.422899
2016-09-27,8.00714906007356,8.797388910148552,8.962598
2016-10-04,8.035868465430019,7.2446961895915045,7.460775
2016-10-11,8.003226102301968,9.312988141287374,7.867442
2016-10-18,8.276906442347148,10.392916142968343,8.405972
2016-10-25,8.18434307491882,9.210846676380324,9.60336
2016-11-01,9.71473032714412,9.570390510360848,8.856974
2016-11-08,9.562299657981956,11.368712500212464,11.049084
2016-11-15,8.215459272398443,9.161936258524829,9.592622
2016-11-22,8.24272002193978,7.603743101696832,8.92531
2016-11-29,8.25013371290545,7.429415151971025,9.16585
2016-12-06,8.122640692640694,9.116471383760167,8.569215
2016-12-13,8.264213209600733,8.412212531837863,8.4061
2016-12-20,7.893938871473353,8.58706012119725,7.9185057
2016-12-27,7.245653153153153,11.315101154477329,8.354569
2017-01-03,7.234500809498112,11.61949837281382,7.9931674
2017-01-10,7.162905255366396,8.461123462050905,9.532713
2017-01-17,7.21148239467082,8.795839917120231,11.315235
2017-01-24,7.21801642646831,9.214009780772455,10.405321
2017-01-31,11.57060001560915,8.526594869256355,8.739533
2017-02-07,15.345567240451857,14.716091157988542,13.573198
2017-02-14,18.47553043478261,16.497248049424044,18.068666
2017-02-21,15.235983227299018,17.630022672728373,20.303814
2017-02-28,9.296052706552706,15.049193821860383,19.529018
2017-03-07,8.138143507030605,8.41098741416634,11.327136
2017-03-14,13.721654148410876,9.605755577191003,11.805838
2017-03-21,17.076374695863745,15.226533952422797,12.378508
2017-03-28,17.26494980350125,15.399927125502684,16.455564
2017-04-04,23.56642268803946,17.48070141380292,15.882064
2017-04-11,39.88380298424978,26.439945796509775,21.08327
2017-04-18,45.47155494357872,42.55095694612736,28.369896
2017-04-25,48.60302240702241,40.513962601216335,27.558764
2017-05-02,34.64336999679795,40.9197019910972,24.801735
2017-05-09,12.002624214734436,23.829486989193228,24.999393
2017-05-16,10.091641020449485,4.201439603958688,9.852041
2017-05-23,8.34479057591623,14.661789391022621,10.814065
2017-05-30,8.313654820444047,10.515984513079543,10.365346
2017-06-06,11.420251892252896,9.97190305357712,10.824394
2017-06-13,11.706282481139985,12.850918439870084,14.16881
2017-06-20,9.781152930031128,11.648304268139368,10.212549
2017-06-27,9.38748152059134,8.660189362236094,10.300494
2017-07-04,9.418965432704091,10.020835791533086,10.48976
2017-07-11,11.999839271417134,11.363650845931586,11.781196
2017-07-18,12.936686982693752,12.045888595153015,11.1524725
2017-07-25,11.466630550811272,13.243339862344824,14.285413
2017-08-01,10.381347380804096,10.561618705594624,10.420403
2017-08-08,8.403956328843277,10.68238496916659,11.847486
2017-08-15,7.964747061384413,7.887098055085614,9.6666765
2017-08-22,10.190417084696474,9.274320398103653,10.040325
2017-08-29,10.056362837413689,11.761689430018789,11.32767
2017-09-05,8.37672464291446,10.648623931471361,12.89706
2017-09-12,8.64676898100173,7.455781480376556,10.154649
2017-09-19,7.870581576026637,8.616847823570238,10.862418
2017-09-26,10.522179092382496,10.510124898394038,8.87801
2017-10-03,22.85227168357317,12.650497679803022,10.798523
2017-10-10,28.55133759346201,25.454567925863486,21.327145
2017-10-17,39.899155062413314,27.2013708909369,23.860432
2017-10-24,23.482418656056584,37.96388292457861,25.77984
2017-10-31,10.875097861001604,14.352194265310784,16.258167
2017-11-07,9.05452822433047,6.181998057127869,9.434414
2017-11-14,7.79310238514174,14.07795258315319,9.128496
2017-11-21,6.9945612798830785,11.188670865491913,10.347355
2017-11-28,6.995150400888456,8.812084173049,10.193058
2017-12-05,7.119459459459459,6.746116694492157,5.735816
2017-12-12,8.094569664902997,7.937643062525167,6.7162476
2017-12-19,8.691870593387346,10.84312911379139,7.875959
2017-12-26,7.687954617330805,10.21528025084619,8.854371
2018-01-02,7.840531914893617,11.230920559103268,8.91717
2018-01-09,8.328140781492454,8.83777908192802,7.2703986
2018-01-16,8.042779493319888,9.36062344272078,9.801904
2018-01-23,7.2840445269016705,11.074192636676727,7.3340344
2018-01-30,6.954090789126418,9.778207834389704,7.803046
2018-02-06,6.822915482954545,9.441435343269191,8.314323
2018-02-13,6.809590616637249,7.952579944014147,5.605001
2018-02-20,6.9954820995578375,9.322122341095408,6.841907
2018-02-27,10.391631778536215,10.252898114265165,8.7288475
2018-03-06,15.525273429688207,14.491297719750364,14.968283
2018-03-13,18.297678033110948,18.851042229768737,16.726261
2018-03-20,16.470968609168608,14.161874376784866,18.881958
2018-03-27,11.262803362914523,13.174809620978507,19.27778
2018-04-03,7.9854198879551825,10.51458454929535,10.054726
2018-04-10,8.700849331320104,5.979423838583799,10.014874
2018-04-17,9.65901445239061,10.465808014885468,10.696426
2018-04-24,11.51821378660834,11.319968962039596,10.741576
2018-05-01,15.338455243483528,13.269358139345414,9.716212
2018-05-08,18.741114139251184,16.23368165426423,14.160118
2018-05-15,17.717242113412038,17.8730911779803,16.194197
2018-05-22,10.438703069622155,14.362098397923702,17.874573
2018-05-29,7.483417721518986,6.813411875301526,10.274461
2018-06-05,7.502177745134043,7.591713844960154,8.848623
2018-06-12,8.655886488535153,7.583338189213478,8.739721
2018-06-19,16.73691235660439,9.389870501650577,9.937479
2018-06-26,15.439283460559798,18.650687656459027,16.134573
2018-07-03,10.992711510885153,12.56680018223723,14.477656
2018-07-10,9.29105023314964,8.918764115917455,8.886804
2018-07-17,9.143697068403908,9.003880903878994,9.620455
2018-07-24,9.457336963568002,9.392645666450946,10.371546
2018-07-31,8.294047319527772,10.098102774672284,10.254948
2018-08-07,8.272362238359676,8.662519051400935,8.010439
2018-08-14,14.46289659773182,9.693993771566923,7.929244
2018-08-21,19.47373982952344,16.14424150745957,14.483649
2018-08-28,11.95264607622554,18.663532641919787,14.113635
2018-09-04,9.474903273809524,8.38123592257169,10.799489
2018-09-11,8.555364758144126,8.954873586095275,8.991398
2018-09-18,8.384316454816977,9.141269785103233,9.100373
2018-09-25,13.392836048233551,9.512966449404459,8.724517
2018-10-02,15.877862903225806,15.210137775092662,13.935504
2018-10-09,12.57789953555657,16.489410237124375,14.461156
2018-10-16,9.400429291414174,10.068892188570729,13.486693
2018-10-23,10.9749599220104,8.232293137614121,10.200901
2018-10-30,19.007516648247883,12.466180871223273,12.895742
2018-11-06,20.111091584274124,20.98074186358646,23.671602
2018-11-13,17.440240076884713,17.77624902849736,20.146624
2018-11-20,17.353155453684572,16.084911733659894,26.383352
2018-11-27,42.805,17.421055661035055,22.019434
2018-12-04,46.39579993209405,44.76846520399248,32.07209
2018-12-11,50.21722306650174,36.70134145285091,26.947443
2018-12-18,34.74791064844335,41.161053024125536,28.25974
2018-12-25,10.898933784368552,23.273724386554548,21.53462
2019-01-01,9.022664959813328,1.5601033325947142,12.764004
2019-01-08,11.982425013629614,12.845138689078262,14.952705
2019-01-15,16.45395790271462,14.547590081477132,11.875151
2019-01-22,15.81633518117902,16.014941902536783,18.024279
2019-01-29,8.910762782605197,14.410384530888258,14.110644
2019-02-05,8.206617578307622,4.369666826843549,7.251726
2019-02-12,8.522977244366146,9.40743037415249,10.393994
2019-02-19,10.512664135326265,9.780462770628027,10.178171
2019-02-26,23.21769388209121,13.089334102138572,15.860068
2019-03-05,29.8538436123348,25.309207317448603,20.905558
2019-03-12,21.44679269202088,25.483183862534965,24.079239
2019-03-19,18.065669686822925,12.586133671076631,12.464094
2019-03-26,18.95637664783428,15.954550561555983,17.380816
2019-04-02,11.236981617867194,18.340813467586976,18.22266
2019-04-09,9.65574934059757,7.488876452111562,8.860251
2019-04-16,11.926061458866338,10.492105662910753,10.34706
2019-04-23,12.44592011618358,14.830162010917697,13.355524
2019-04-30,9.536199229852388,15.941294091525755,13.720553
2019-05-07,8.390005231544276,8.038155937828186,9.362901
2019-05-14,8.24526934353091,9.161799074857619,9.316618
2019-05-21,8.277258064516127,10.703121566285098,9.513015
2019-05-28,8.414354301187254,7.5078632823625995,10.809396
2019-06-04,9.990370222929936,7.959009588487596,10.7066765
2019-06-11,16.614477434679333,9.505868172583895,11.674467
2019-06-18,23.744755909412593,17.179225448725823,17.09973
2019-06-25,28.104813754118,23.26721873896694,19.597567
2019-07-02,28.623374347501866,26.55446340543714,25.040194
2019-07-09,27.284907276995305,24.791792291614264,22.434837
2019-07-16,33.47437495082999,24.240854859952414,21.445744
2019-07-23,23.67592566478646,31.232333310899925,19.910254
2019-07-30,10.760209771281636,15.572841026420214,13.396535
2019-08-06,9.103494083042618,5.366255077709674,9.140503
2019-08-13,9.137809562729872,10.825080966135864,8.668162
2019-08-20,11.657918849596156,10.743114420915198,9.970293
2019-08-27,12.795222313147844,12.781449031516026,13.200456
2019-09-03,10.397107783211082,12.748587645288843,13.84414
2019-09-10,9.348408049535603,9.903568207028833,9.613586
2019-09-17,11.418633152928114,9.7631959480157,9.916396
2019-09-24,12.10368138671069,12.519044530811392,14.698253
2019-10-01,11.05993477933424,11.98256398909556,11.079952
2019-10-08,20.333056123276563,11.69594217933949,11.32973
2019-10-15,30.012192051094296,24.100079399995856,24.304276
2019-10-22,26.87134292929293,30.46536084118751,30.642416
2019-10-29,16.17591296355216,22.52668534939361,28.840641
2019-11-05,13.681139669256826,10.454040484957012,19.842552
2019-11-12,25.402681533439207,15.134741953825177,16.431252
2019-11-19,26.553682777919104,31.14353146552927,27.60925
2019-11-26,19.24607909065782,22.955357370763217,28.135262
2019-12-03,19.99300049007596,14.822390249802801,21.195257
2019-12-10,19.208543634679778,18.68464874266696,17.817831
2019-12-17,13.31457712849513,16.805474880522333,15.959639
2019-12-24,10.689190780619112,7.2728723022676505,12.996805
2019-12-31,16.65803855170617,10.305348332906682,14.094543
2020-01-07,24.579913843457945,21.35141928315323,22.736708
2020-01-14,28.494417195207895,25.618165062583383,22.245045
2020-01-21,25.113964653760956,26.324743242328847,25.124043
2020-01-28,13.150655475619503,21.768694552332416,25.757927
2020-02-04,7.971889209093821,8.461198326236453,12.696649
2020-02-11,8.701250752688171,9.65147377951342,8.944962
2020-02-18,11.016666464253904,13.042218595878634,11.440204
2020-02-25,9.17157139496589,13.312142703859532,14.947249
2020-03-03,7.716268458000485,8.511309569772717,8.300611
2020-03-10,9.029807096927842,9.13914539117479,8.100517
2020-03-17,17.24494761904762,13.54682661519018,8.650605
2020-03-24,20.291493653475428,20.4756351065439,22.591747
2020-03-31,8.392412649341448,20.797128935097756,21.517572
2020-04-07,8.815544682857816,5.325305013148348,10.147178
2020-04-14,11.662759195796207,9.145793662581863,12.038159
2020-04-21,9.513818548321808,14.494511060964438,14.204699
2020-04-28,10.381709523809524,9.427129762837009,10.003672
2020-05-05,9.514797113574568,10.012855473996463,11.599091
2020-05-12,8.45244327878025,10.240869552868954,10.248696
2020-05-19,11.66619677244372,8.903808259532237,9.131335
2020-05-26,12.825560098931255,13.01708248171678,14.155574
2020-06-02,13.883554992199688,13.573492849069336,12.486901
2020-06-09,12.022512974852866,12.853289287967865,12.249792
2020-06-16,10.33870239497448,10.721656377518283,10.578466
2020-06-23,12.543264353550612,9.620050363767287,9.948742
2020-06-30,15.877513215859032,14.362251666486312,13.996433
2020-07-07,16.42459301892415,16.963915444087657,14.653466
2020-07-14,12.50840773545911,15.389869977644363,14.683476
2020-07-21,11.74723295625943,10.502431540010829,11.406019
2020-07-28,15.417899718082966,11.95709979122648,11.885275
2020-08-04,13.688933177022273,16.314095539188653,13.66447
2020-08-11,10.788991352042531,11.880535570839069,12.590319
2020-08-18,10.344665094662018,9.961643860794307,9.895052
2020-08-25,10.078172422713749,8.71045947848415,10.896865
2020-09-01,8.484547313270717,9.872704392165868,9.569268
2020-09-08,9.349887969317724,10.473651341378282,8.163991
2020-09-15,15.20404525728456,9.306258142744408,10.220248
2020-09-22,31.587249677002585,18.02643814341837,16.63757
2020-09-29,33.90252521005586,34.38519787878272,27.244106
2020-10-06,21.670470743510776,27.49256361368941,23.534567
2020-10-13,22.3665557176196,12.71084259733146,16.36349
2020-10-20,27.63182245894363,22.947447956473066,22.18239
2020-10-27,25.04078360054239,26.64944457639461,21.873604
2020-11-03,26.275843846478825,22.874075612451517,26.905088
2020-11-10,32.772733494593055,25.56736010062934,19.948057
2020-11-17,34.51309987966305,34.45862974645479,29.332378
2020-11-24,27.904383952415635,33.17513209841093,23.823526
2020-12-01,18.170250911871985,22.212666919646548,20.745886
2020-12-08,11.39218470489853,15.77093729655655,19.702316
2020-12-15,9.714707208495389,11.879997578166407,12.476384
2020-12-22,9.878554854981084,12.712092863793938,10.633943
2020-12-29,9.64665775309404,12.021250858476773,12.814513
2021-01-05,11.61416146540027,12.290839297227826,10.406937
2021-01-12,12.30787020179032,13.384274913249165,13.058954
2021-01-19,10.221348241985522,12.655556153014238,12.188017
2021-01-26,9.820909893992932,12.18640183874269,10.923657
2021-02-02,8.852489655172413,11.189779649655243,10.518351
2021-02-09,7.914175267065,10.287497179591021,11.594313
2021-02-16,7.692787896592244,7.224572676238132,7.5283256
2021-02-23,7.680931774471101,10.21888485498463,8.984569
2021-03-02,7.705157990867579,11.03511675771302,8.504442
2021-03-09,9.57343904341045,10.023142101821215,7.716064
2021-03-16,12.073392366412214,10.810182579105721,13.017548
2021-03-23,12.100258268766142,14.934841993399722,13.969519
2021-03-30,10.549129006882987,13.67679291562957,13.165489
2021-04-06,8.168783849129593,12.795014424972045,14.675244
2021-04-13,8.052172277501876,8.557960152600494,10.927528
2021-04-20,8.279293019119608,12.728674861223801,9.827747
2021-04-27,8.426120704692133,13.547262759836322,10.357861
2021-05-04,8.585333333333333,12.661782063639869,8.499465
2021-05-11,8.121666666666666,11.612430366283355,10.016096
2021-05-18,7.454999999999999,10.818791999226285,9.323804
2021-05-25,7.517307692307693,11.38604843468233,8.516838
2021-06-01,7.622222222222224,10.80130641977528,9.566911
2021-06-08,7.62,11.051164622241778,10.179758
2021-06-15,9.165454545454544,10.470017360495014,9.739645
2021-06-22,12.135,12.04424552114859,10.97531
2021-06-29,12.743333333333334,14.670689646582282,12.996725
2021-07-06,11.8375,14.699669576837984,12.214815
2021-07-13,10.706666666666669,14.645028343375749,11.433774
2021-07-20,10.878333333333334,12.336855363038218,9.60945
2021-07-27,12.292333333333334,13.57633291306383,11.756795
2021-08-03,12.33,15.289899743299351,12.473963
2021-08-10,11.275,14.26295111984306,12.1806135
2021-08-17,10.381666666666666,12.482184918243412,11.145942
2021-08-24,10.136666666666668,12.011804215611257,9.775651
2021-08-31,11.178333333333336,13.11972982023645,10.051949
2021-09-07,14.632083333333334,13.854350117729702,12.064763
2021-09-14,19.14466666666667,18.229899683508542,17.248526
2021-09-21,18.320333333333338,20.57030586640736,16.46015
2021-09-28,17.113999999999997,18.282475363340417,18.243965
2021-10-05,17.831666666666667,17.605285119165877,20.630808
2021-10-12,24.532727272727268,18.59684740293833,24.42637
2021-10-19,30.051005314437557,28.68078770748526,34.06693
2021-10-26,45.22767764378479,32.74464687125795,40.601246
2021-11-02,50.32118113912232,44.63722664880343,42.436836
2021-11-09,48.911260414416034,45.2531392703663,38.155567
2021-11-16,36.38207723557537,40.98711962069951,39.689724
2021-11-23,22.84716829946783,27.48379779286831,27.79836
2021-11-30,18.388333333333332,17.789182888490167,18.061916
2021-12-07,13.141666666666667,18.917281658439528,17.636698
2021-12-14,11.326841367713005,11.406869626121342,11.345253
2021-12-21,10.559772874756652,12.55625516115095,11.654355
2021-12-28,10.427997367069098,13.180646895371645,11.621911
2022-01-04,10.60182549355367,13.521533317516017,12.701163
2022-01-11,11.379224923835553,12.932796776467043,11.57651
2022-01-18,11.322139634510172,10.603378719099751,11.331731
2022-01-25,9.83673403308988,12.054233807699248,10.603659
2022-02-01,9.409803349450586,10.299013828686796,9.760074
2022-02-08,10.103153770977714,11.39370452111298,10.719956
2022-02-15,10.660467085315004,12.676635937685873,11.054729
2022-02-22,10.969491369834104,10.042020361756457,11.20189
2022-03-01,13.932416078215075,12.739183162274529,12.124878
2022-03-08,37.4855525984564,16.77336014294916,15.649332
2022-03-15,47.316136996320175,43.16997554564786,29.487537
2022-03-22,38.45982337470241,42.91063770314666,29.120161
2022-03-29,26.34870236725426,25.59933440422371,24.123178
2022-04-05,19.7655368738392,17.14366530187128,15.709029
2022-04-12,15.093126664742886,18.3123131900022,13.665498
2022-04-19,13.475735958258884,15.791252124721396,17.483799
2022-04-26,12.682333333333332,16.91991679260589,15.586978
2022-05-03,12.54,14.990691825062143,13.384837
2022-05-10,14.472333333333331,13.980389678619858,13.284957
2022-05-17,14.478666666666667,15.480250846934254,14.600438
2022-05-24,13.833666666666666,15.27696629553897,15.19622
2022-05-31,12.075,14.177257374408967,14.064864
2022-06-07,11.311666666666666,12.633966666246536,14.282665
2022-06-14,11.761666666666668,12.199312468286266,11.77926
2022-06-21,13.4425,13.203398461437459,12.982749
2022-06-28,16.266666666666666,15.443890018144671,15.772523
2022-07-05,15.175000000000002,17.735691961448694,17.587446
2022-07-12,14.685,16.066795306910407,17.83171
2022-07-19,13.878666666666668,14.520549333905436,14.060605
2022-07-26,16.88,14.429997069443274,16.447596
2022-08-02,18.05666666666667,19.308074794766625,21.968489
2022-08-09,15.575,18.63081281614349,23.988323
2022-08-16,19.55,14.42155901861689,20.92702
2022-08-23,26.868333333333332,21.23222002510458,27.350874
2022-08-30,27.025,28.5895045263306,35.39119
2022-09-06,25.813888888888886,25.27661122096906,29.821218
2022-09-13,26.596666666666668,23.15844578434671,24.059372
2022-09-20,29.843333333333327,24.997590897662022,27.910545
2022-09-27,29.888333333333332,29.665804595052535,34.197624
2022-10-04,31.478333333333335,28.04960443450325,34.00732
2022-10-11,50.690909090909095,29.696163578015344,32.729427
2022-10-18,63.98229954331883,53.87860690804756,38.707283
2022-10-25,67.54581738487877,60.18277993876539,35.7683
2022-11-01,74.58505640965045,56.72478152497125,34.97657
2022-11-08,85.55627775129437,67.03562910505,36.990284
2022-11-15,93.24382000165872,76.76753269482865,35.026978
2022-11-22,94.335,79.64310329624838,31.342308
2022-11-29,94.1,76.59715049987845,28.799974
2022-12-06,93.5512912926436,75.82152300624877,27.483013
2022-12-13,85.60538342711304,76.39270929311557,29.606817
2022-12-20,65.75779885700199,68.18842830731414,27.270441
2022-12-27,48.87976377690758,48.0983049135629,25.045624
2023-01-03,39.9469059323404,40.446900129442426,53.742596
2023-01-10,23.952240605279385,36.28793754911861,53.628456
2023-01-17,15.29092025135247,17.33969272358017,18.65717
2023-01-24,13.217763616171217,14.42833918819541,11.110524
2023-01-31,14.211507103647673,15.97058831782441,13.692129
2023-02-07,15.784530542253766,16.03144158299851,15.944639
2023-02-14,15.292797964644802,17.09313315922752,15.352268
2023-02-21,15.211307369228509,15.71270773943006,15.7188835
2023-02-28,15.355006730656676,15.172403494465685,14.713944
2023-03-07,14.929438580514256,16.679465221031464,15.960853
2023-03-14,12.95619168529636,15.089496520927684,14.487119
2023-03-21,11.63693501168996,11.764307812434412,13.141051
2023-03-28,11.264981198163806,11.45655204830881,10.020333
2023-04-04,19.758375942412275,13.26263698153416,15.426598
2023-04-11,38.966333629495466,23.54082552434862,18.959028
2023-04-18,46.7290238454395,46.34411770266637,38.473
2023-04-25,44.70972109060494,46.985640329254,39.165398
2023-05-02,45.14088588933405,41.8541198204782,48.041813
2023-05-09,36.75666666666667,45.435974089922226,43.429394
2023-05-16,22.53,32.379589514359836,28.861631
2023-05-23,14.171666666666663,17.04277074400612,16.534435
2023-05-30,11.883333333333333,12.774774809794666,14.459028
2023-06-06,12.275,14.514847168194466,12.476193
2023-06-13,12.66,14.341872670278507,13.280064
2023-06-20,15.333333333333332,13.27708228819681,12.673526
2023-06-27,19.798333333333336,16.70393188920268,16.71112
2023-07-04,21.385416666666668,22.595367287727626,20.690283
2023-07-11,18.605,22.149298534705835,17.377174
2023-07-18,15.275,17.028222723671476,14.429545
2023-07-25,20.108333333333334,15.510402326046107,18.039457
2023-08-01,29.290000000000003,23.438100943965466,20.222933
2023-08-08,26.528333333333332,32.79776865513752,32.371067
2023-08-15,21.22,24.098865890091915,25.411993
2023-08-22,18.031666666666663,17.259703134278865,19.41999
2023-08-29,13.608333333333333,17.00707710854259,21.03845
2023-09-05,12.384090909090908,14.06297992656498,19.190166
2023-09-12,11.729166666666666,14.176357227200286,15.938542
2023-09-19,13.216666666666669,13.834414651671397,15.94086
2023-09-26,17.817857142857143,16.38454457432435,14.371539
2023-10-03,18.248333333333335,21.162395196946918,18.048458
2023-10-10,14.154166666666669,18.88231988568633,17.105453
2023-10-17,11.751312475555276,12.41687406573145,15.341166
2023-10-24,12.114737034603593,12.56291910534536,12.929416
2023-10-31,12.272893227177368,14.792952841613884,15.315203
2023-11-07,16.048396164901366,15.487179273942376,13.924457
2023-11-14,23.920196257872,22.977112660975294,16.507536
2023-12-12,10.275,19.217768697233268,14.565872
2023-12-26,10.525,20.13946992270381,10.800586
2024-01-02,11.525,15.763041335026502,11.975549
2024-01-09,12.525,14.876121585674172,13.4207945
2024-01-16,13.7625,18.19169928293921,16.929415
2024-01-23,14.0,20.024660164393467,16.874655
2024-01-30,14.4,15.873056628613698,13.735809
2024-02-06,13.8,16.59181862965464,14.252583
2024-02-13,13.9,17.746894543873893,13.836837
2024-02-20,18.75,17.372526331651827,15.98492
2024-02-27,29.4,23.163037266861394,19.706715
2024-03-05,24.7,34.08906353533796,31.958492
2024-03-12,35.915,24.555662289247422,28.3856
2024-03-19,41.95,42.106990647356426,36.52325
2024-03-26,38.28378510704589,44.743657112027606,35.150387
2024-04-02,30.91127946818169,35.972382577112896,40.018097
2024-04-09,23.665729912114767,27.631162260818243,28.825315
2024-04-16,24.003123845649167,23.117469572455022,21.830801
2024-04-23,28.809036085804504,23.18181943673379,16.790075
2024-04-30,28.538333333333338,29.62633430823591,27.395351
2024-05-07,26.871666666666663,28.907805898875424,30.23208
2024-05-14,26.746666666666663,23.879427968049797,22.577883
2024-05-21,34.963797376477096,25.17797843577482,22.341795
2024-05-28,41.130316183265634,37.14574117849911,27.019325
2024-06-04,47.55288593987418,41.30728109809807,31.823458
2024-06-11,40.525070894297976,44.51303038132362,37.62657
2024-06-18,29.720206557207312,33.14543789892444,30.283783
2024-06-25,25.98405992836701,22.965712004907388,19.275362
2024-07-02,19.70790016032639,24.667909261036172,19.194715
2024-07-09,18.80636910006379,17.49021766790024,14.620096
2024-07-16,19.12337160420777,18.707882428250898,15.792638
2024-07-23,14.35333538338658,19.324082488449093,17.201935
2024-07-30,13.355196061912508,13.04490440233086,14.775672
2024-08-06,13.01079026220988,13.747156959384812,15.899089
2024-08-13,14.003838039124055,13.861533363138266,14.424605
2024-08-20,15.205854670909597,15.329625769673145,16.44771
2024-08-27,16.484453144115488,16.015353567477106,17.568007
2024-09-03,15.919809363055377,16.744991893159565,17.043467
2024-09-10,13.599414772187863,16.254751955751587,20.232088
2024-09-17,12.87439467794651,12.370538143928671,13.741766
2024-09-24,12.469793952187688,14.551728101952266,15.669754
2024-10-01,12.429253994825242,13.571338224998543,11.628453
2024-10-08,13.76177770677893,12.74972386670929,16.130869
2024-10-15,14.30724431485244,13.691074217371282,15.341108
2024-10-22,14.894627459985392,16.753635300411972,21.645798
2024-10-29,17.797391430979022,16.864772907214885,20.197344
2024-11-05,30.61542443538596,20.224671717716703,24.176968
2024-11-12,45.163062822616816,37.18435639686213,32.125866
2024-11-19,50.403552163620525,48.18883887975271,37.52527
2024-11-26,37.133113019994894,46.70832271107626,46.291004
2024-12-03,26.285416666666663,29.333623248353362,38.36257
2024-12-10,17.825649378447352,21.807857895615072,17.289684
2024-12-17,13.28406379339832,15.68766805738038,20.715496
2024-12-24,11.772222222222222,15.916972938162006,15.392932
2024-12-31,11.841666666666669,17.813169549280175,12.625456
2025-01-07,11.964243096765896,13.72110796252895,12.495194
2025-01-14,11.8912963144499,13.613441876014182,12.335131
2025-01-21,11.82627705767288,13.469071210651297,12.440256
2025-01-28,12.031567004970574,13.440525217332667,12.452307
2025-02-04,13.463047407618651,13.458283520414685,12.7577305
2025-02-11,14.664462598285706,14.830279833488081,13.869862
2025-02-18,12.447459567438464,15.058294585545756,14.202115
2025-02-25,11.381683576719356,13.055816272140707,13.667847
2025-03-04,11.25781162115157,11.765158879605739,12.07435
2025-03-11,12.879844040518227,12.87026737738842,14.040119
2025-03-18,17.718281123230764,16.698578062903895,15.744561
2025-03-25,18.53082866085131,19.464970221586842,22.165539
2025-04-01,14.798832316510053,19.396833902426412,17.865967
2025-04-08,14.035037529076291,14.122553854867252,13.992746
2025-04-15,14.72873408233856,16.249967719803696,14.700584
2025-04-22,14.90145396431021,18.01088850114633,17.771969
2025-04-29,12.32755579803591,16.265562232487188,15.36922
2025-05-06,11.804615657885387,13.389096338156211,12.79182
2025-05-13,12.729917605982944,12.772570075907712,14.439624
2025-05-20,14.590037594088349,12.65525680319968,14.411503
2025-05-27,13.125711489500018,16.120158341394475,16.020298
2025-06-03,11.991270698150291,13.362589503915391,14.666407
2025-06-10,11.942194600949252,12.370113319112821,14.040296
2025-06-17,12.355501953217953,13.199587857007433,13.9966755
2025-06-24,22.27084457612216,13.554294051087258,14.548615
2025-07-01,30.898002064023174,26.58884865257153,24.070845
2025-07-08,33.863102961474,33.12326976722227,36.30746
2025-07-15,34.063680961792954,33.007338199776996,35.394993
2025-07-22,21.463893635576024,30.77616414579285,33.543076
2025-07-29,22.287659204108717,14.931391437918311,19.100204
2025-08-05,24.86172236803348,23.237795714284804,21.774084
2025-08-12,24.469940985065403,26.1024982343767,25.797426
2025-08-19,30.79665747455308,24.10974442134847,25.412191
2025-08-26,30.61312660243681,32.396178457708686,33.167725
2025-09-02,23.894233794180643,28.062272040159602,25.72437
2025-09-09,17.525211375307595,20.07040536516394,20.00157
2025-09-16,13.76786769286789,15.975412261456714,17.094507
2025-09-23,12.9004584512921,13.777981517428376,13.495815
2025-09-30,22.1235220935815,14.989499204921177,13.589605
2025-10-07,33.206092294585126,27.767738852760946,23.41267
2025-10-14,35.1507377945515,37.717144080853984,41.168957
2025-10-21,48.47374382571066,34.37146294566213,33.513718
2025-10-28,50.26605305697065,50.734258094051086,48.989212
2025-11-04,45.66541002418242,47.200511593258796,35.4761
2025-11-11,47.96782816104097,40.22190072745951,31.683317
2025-11-18,48.21002303212804,46.72242489260344,36.782547
2025-11-25,51.43543161406499,46.06698792824352,38.23971
2025-12-02,45.34870961240101,49.62312873312152,37.934986
2025-12-09,31.760714285714283,39.19230867357925,31.26828
2025-12-16,23.74918955005734,22.846328415684358,19.062975
2025-12-23,19.58915640427375,20.644458881404322,16.498758
2025-12-30,16.395344478760858,22.371322551943482,15.100064
2026-01-06,15.64597457627119,18.230721967572688,12.06298
2026-01-13,13.700581412776554,16.498082975484888,14.303805
2026-01-20,15.870968564687878,14.02185310931409,14.211142
2026-01-27,23.257749709314044,17.28897430275836,16.100166
2026-02-03,34.115090590675415,26.41225977294098,25.414618
2026-02-10,44.31952145851304,37.9381324073145,28.677198
2026-02-17,41.61506443818867,45.25627483821248,40.119987
2026-02-24,30.368786528844375,35.52601441350916,38.933342
2026-03-03,19.418628329442917,25.925379637908602,27.509586
2026-03-10,19.0604981069335,13.47928460324081,13.263009
2026-03-17,17.049064923639676,20.997695425203712,17.259624
2026-03-24,14.622153387087016,18.003179325746625,16.06003
2026-03-31,13.685985662894677,13.310542753962093,12.12241
2026-04-07,15.220717106729944,15.864614253823017,15.07331
